attendance,total_revenue,box_office_revenue,concessions_revenue,lbe_revenue,week
208994,5151564.69,2822906.73,1944385.75,541715.05,2022-12-30
205677,4753485.45,2587895.79,1823423.07,485736.74,2022-12-30
190604,3955613.42,1961798.55,1721367.57,368134.25,2022-12-30
133937,3048624.08,1734805.3,1081111.4,336214.39,2022-12-30
132880,3067071.98,1735725.35,1099928.39,324641.72,2022-12-30
179609,4318436.77,2337304.98,1645147.51,441238.36,2023-01-06
212178,5407088.16,2759705.3,2247557.05,817563.88,2023-01-06
127055,3249335.34,1608893.5,1398517.6,619471.28,2023-01-06
53608,1168410.61,664668.32,416021.89,153544.28,2023-01-06
93662,1958203.02,1051230.41,793090.94,156827.91,2023-01-06
61432,1374658.72,841709.98,432902.62,157916.27,2023-01-06
64240,1426574.51,865333.39,449541.96,155206.69,2023-01-06
121048,2867240.11,1562212.96,1080498.07,392101.66,2023-01-13
196971,4843404.38,2444840.9,2036806.58,808732.69,2023-01-13
117808,2895199.71,1445064.4,1230366.18,817305.23,2023-01-13
62828,1275451.4,852577.4,314436.86,141324.04,2023-01-13
102461,1941764.35,1100542.39,709721.34,139266.53,2023-01-13
63216,1291064.89,819554.4,376764.81,145854.94,2023-01-13
65955,1373899.72,850511.65,419058.63,187941.39,2023-01-13
117162,2722526.39,1475068.58,1022644.44,379234.73,2023-01-20
180660,4356791.22,2200112.02,1806950.14,829533.27,2023-01-20
113965,2672215.76,1390197.73,1064298.63,711691.19,2023-01-20
53961,1047856.42,663861.02,304929.51,148854.18,2023-01-20
93537,1683773.25,922996.58,656094.71,155090.38,2023-01-20
71338,1421093.49,930753.96,387226.35,148002.6,2023-01-20
89052,1747779.67,1140537.94,477427.2,160615.99,2023-01-20
135288,2954255.27,1696530.42,1025275.69,364348.8,2023-01-27
196594,4563076.97,2395264.82,1802514.45,808414.96,2023-01-27
115620,2686307.67,1410969.92,1060246.31,655778.63,2023-01-27
58754,1117358.09,690523.52,341924.47,150098.57,2023-01-27
90446,1654526.95,867137.95,680766.39,137517.04,2023-01-27
65545,1316206.79,820406.16,401720.21,148984.79,2023-01-27
67132,1368058.07,844707.89,421408.02,168373.94,2023-01-27
109065,2454914.31,1339741.98,902220.0,320408.68,2023-02-03
174670,4086542.69,2090349.31,1654200.49,716440.61,2023-02-03
113999,2543055.91,1343368.61,990150.88,681693.26,2023-02-03
49702,921998.65,570785.0,271536.95,109177.29,2023-02-03
84501,1472305.05,786684.9,587536.41,178626.08,2023-02-03
55058,1036357.1,661132.08,290094.93,198190.84,2023-02-03
58357,1206698.42,715604.99,387218.49,207826.05,2023-02-03
104191,2366537.64,1286157.5,883677.72,334574.59,2023-02-10
154403,3623149.76,1843928.72,1476362.53,724228.0,2023-02-10
88960,1968865.36,1079137.11,715088.98,631454.78,2023-02-10
58110,1109664.6,703440.72,303812.69,102818.75,2023-02-10
106346,2195998.01,1049195.02,985774.06,241646.55,2023-02-10
67381,1320130.84,860190.51,351681.03,158423.57,2023-02-10
91742,2336237.45,1246095.64,927179.64,193911.38,2023-02-10
168123,4375185.3,2241865.01,1835854.76,409168.57,2023-02-17
214109,5507267.67,2762167.22,2326405.06,822417.8304,2023-02-17
199787,5006359.72,2580588.49,2056560.37,1007590.12,2023-02-17
168990,4241259.49,2119379.39,1812665.01,625297.93,2023-02-17
87835,1855752.96,869764.54,865644.61,164747.11,2023-02-17
51826,1151320.12,668967.19,383458.23,209167.67,2023-02-17
59347,1332189.25,763209.46,453221.44,244905.14,2023-02-17
112404,2653960.91,1411215.51,1023631.52,371336.59,2023-02-24
162728,3996579.03,1987645.4,1662817.84,739184.44,2023-02-24
105416,2515941.76,1279179.39,1013254.3,657453.74,2023-02-24
48810,978670.93,548826.89,333266.84,179699.29,2023-02-24
89655,1708849.75,813759.3,757293.32,172566.22,2023-02-24
65192,1339938.62,786246.18,426208.34,239978.03,2023-02-24
71536,1527644.37,872529.37,510161.8,175830.32,2023-02-24
105510,2570524.57,1284359.27,1062505.0,318956.9,2023-03-03
156042,3856656.11,1875247.25,1649641.71,716205.22,2023-03-03
110992,2722360.14,1338104.53,1153755.37,637404.07,2023-03-03
55191,1107094.9,613779.57,390920.57,127188.72,2023-03-03
95116,1810009.46,859841.18,819221.4,140156.03,2023-03-03
68437,1367245.48,783060.38,464352.89,154438.31,2023-03-03
82165,1786648.13,986943.9,655373.68,194355.33,2023-03-03
144151,3320422.2,1761567.57,1296103.87,345362.08,2023-03-10
204793,4873549.75,2458873.88,2021293.31,772525.6,2023-03-10
139711,3216947.71,1648929.47,1304634.97,706593.93,2023-03-10
109303,2090033.99,1158691.07,747691.44,355062.2,2023-03-10
165614,3112176.97,1445658.39,1429267.45,407891.72,2023-03-10
109205,2208256.0,1189154.5,830736.54,431674.59,2023-03-10
117243,2451321.1,1299970.42,941099.12,510346.18,2023-03-10
153142,3491851.85,1767331.51,1399917.89,650042.82,2023-03-17
182106,4349260.7,2179207.68,1785090.71,900216.08,2023-03-17
115655,2722866.37,1398258.11,1069230.23,806965.56,2023-03-17
55184,1139511.91,681058.88,351690.27,164393.96,2023-03-17
92244,1718050.55,907657.37,677382.32,179983.76,2023-03-17
61690,1277674.12,789172.33,367818.07,213013.72,2023-03-17
86829,2010261.35,1150634.73,681568.79,225781.1,2023-03-17
150113,3753416.0,1952512.23,1504530.86,424835.23,2023-03-24
203009,5191009.83,2545704.08,2232124.93,831101.18,2023-03-24
138768,3539861.64,1746832.11,1507988.39,685062.38,2023-03-24
73029,1526858.23,899928.07,494499.91,212726.34,2023-03-24
112535,2285322.94,1110204.59,991651.23,228051.9,2023-03-24
79263,1730095.72,1012781.24,542242.65,247985.27,2023-03-24
91351,2022855.73,1161291.23,666722.77,314532.41,2023-03-24
153464,3713912.57,1913192.97,1477473.37,449292.3,2023-03-31
203390,5212850.79,2587560.48,2189750.1,845843.37,2023-03-31
135875,3362365.78,1745909.93,1328283.33,619243.96,2023-03-31
95641,1796377.45,1252561.38,385126.46,132247.14,2023-03-31
132505,2428455.53,1485716.61,757271.84,126412.34,2023-03-31
160805,3843309.09,2152764.0,1406232.96,183461.92,2023-03-31
240299,5406683.5,3142919.0,1855641.32,265797.98,2023-03-31
395446,10363866.18,5035478.34,4524886.53,491180.8,2023-04-07
306137,8065049.67,3874681.5,3560339.9,698728.08,2023-04-07
227493,5746349.64,2915238.03,2366429.38,507661.25,2023-04-07
187302,4610380.18,2277781.14,1994285.97,239791.55,2023-04-07
136745,2867544.34,1392306.22,1280105.71,158760.06,2023-04-07
97172,2090988.56,1247563.79,687974.03,190657.43,2023-04-07
103147,2279958.21,1327958.99,771634.57,301967.36,2023-04-07
176423,4176409.32,2283568.93,1573403.59,385064.06,2023-04-14
256616,6593251.01,3254195.96,2827137.53,722869.0,2023-04-14
160936,4211857.0,2016308.26,1874313.73,556261.23,2023-04-14
62361,1317028.73,744198.52,467122.86,115178.44,2023-04-14
109270,2124841.85,1038847.69,944364.96,187374.91,2023-04-14
75665,1557604.07,928850.07,506149.12,170773.08,2023-04-14
87777,1902681.94,1109986.93,641306.21,194120.73,2023-04-14
182452,4171643.06,2285477.13,1555822.67,385868.52,2023-04-21
275169,6637899.15,3371496.99,2747149.51,764432.85,2023-04-21
189047,4604481.24,2299792.02,1939612.47,643587.34,2023-04-21
69764,1432837.09,824816.24,492734.1,153816.28,2023-04-21
114636,2165676.31,1047998.95,982841.86,161407.16,2023-04-21
76336,1519860.37,908652.28,497751.43,196818.76,2023-04-21
80568,1551011.67,941645.05,481089.23,222986.3,2023-04-21
145317,3114740.64,1683634.75,1167622.65,410513.05,2023-04-28
214777,4893441.28,2455497.37,2014914.06,685489.06,2023-04-28
160336,3688806.74,1844757.08,1517291.81,565754.97,2023-04-28
70625,1318627.39,803998.55,395537.27,131660.9,2023-04-28
107308,1963516.97,1017791.34,798432.27,138020.66,2023-04-28
77234,1550017.38,967767.39,451135.19,168586.74,2023-04-28
99859,2438092.62,1368847.31,891522.52,181765.02,2023-04-28
172043,4451118.8,2310408.46,1821781.17,317461.75,2023-05-05
221014,5857984.01,2882404.86,2556649.43,624613.67,2023-05-05
167477,4414269.25,2170254.19,1934839.4,515267.84,2023-05-05
81845,1761946.31,1058892.42,571767.31,104944.46,2023-05-05
120927,2569782.4,1254738.18,1152587.95,155297.28,2023-05-05
76002,1686247.76,1034107.44,515818.64,171579.21,2023-05-05
78972,1772595.85,1079128.62,545357.56,217231.59,2023-05-05
114090,2722716.72,1523501.94,993071.27,293946.86,2023-05-12
170756,4268727.6,2226159.72,1732263.18,507538.13,2023-05-12
113943,2842767.92,1464597.77,1162234.43,393860.92,2023-05-12
65081,1328356.04,825712.32,397817.42,123071.47,2023-05-12
108180,2143191.17,1087892.11,887391.85,170972.22,2023-05-12
73092,1569562.32,955291.04,463422.72,188294.04,2023-05-12
90269,2096530.29,1199024.79,707104.26,158362.49,2023-05-12
160867,4073095.53,2118614.26,1616948.88,280645.1,2023-05-19
243890,6059529.84,3110737.17,2435799.81,606641.07,2023-05-19
205719,5111060.86,2661022.08,2039977.81,613450.22,2023-05-19
157665,3858398.28,2005556.78,1569903.76,290980.5,2023-05-19
100986,2045631.3,1019013.6,885130.91,134826.39,2023-05-19
75921,1646030.73,998282.33,504808.71,121054.11,2023-05-19
83680,1830175.43,1102843.02,562586.27,110952.06,2023-05-19
141937,3519706.71,1843214.43,1395545.33,266715.37,2023-05-26
183266,4732858.29,2328977.13,2024555.4,497995.51,2023-05-26
128413,3300301.54,1620199.27,1415212.7,435920.67,2023-05-26
73729,1535655.91,917431.68,493921.81,130230.09,2023-05-26
116520,2347213.2,1189058.23,999704.68,148760.32,2023-05-26
87668,1767626.6,1138559.23,484012.36,151663.8,2023-05-26
118954,2685274.0,1595495.66,888792.21,171975.57,2023-05-26
216669,5329494.31,2806746.09,2157491.31,272821.96,2023-06-02
270238,6784685.96,3424518.22,2888077.94,513088.6,2023-06-02
192266,4886446.41,2425003.83,2121433.13,412830.42,2023-06-02
104292,2178938.13,1291458.3,735850.12,161403.42,2023-06-02
157282,3236764.52,1589248.3,1453155.25,247536.11,2023-06-02
104895,2285614.27,1368130.21,765931.18,180633.05,2023-06-02
117039,2591062.4,1545349.49,855787.31,211025.95,2023-06-02
210153,5038293.37,2747428.16,1933485.62,314203.4,2023-06-09
266265,6579294.14,3377923.09,2731678.05,572383.46,2023-06-09
195461,4882511.98,2444198.45,2085134.9,467425.623,2023-06-09
93008,1933677.35,1112712.14,674446.87,177296.34,2023-06-09
141258,2828415.91,1369758.93,1287320.63,201787.05,2023-06-09
96113,2019707.46,1184153.75,690163.47,206710.5,2023-06-09
107593,2430293.33,1373655.72,876232.49,204378.54,2023-06-09
184357,4292508.11,2281731.7,1701316.47,376721.27,2023-06-16
246494,5949768.1,2973878.23,2518808.6,545839.1,2023-06-16
179182,4444231.39,2158828.56,1935718.21,513244.93,2023-06-16
82941,1702890.81,961415.46,620847.9,171449.0,2023-06-16
137183,2686608.21,1260972.81,1261148.82,476133.89,2023-06-16
83476,1752362.92,992019.83,627280.39,212566.14,2023-06-16
83984,1775564.45,996776.41,642364.03,277234.07,2023-06-16
137800,3115687.78,1637531.55,1235227.21,350296.02,2023-06-23
207640,4853489.45,2421954.3,2036415.34,549337.11,2023-06-23
131416,3094195.23,1540230.54,1295523.07,490895.45,2023-06-23
97457,1926341.63,1093885.04,687373.36,195223.94,2023-06-23
151817,2790307.81,1370787.65,1229290.4,246892.72,2023-06-23
104293,2102602.93,1210123.19,731018.55,257874.55,2023-06-23
124383,2683387.25,1512473.93,959760.09,274724.22,2023-06-23
174215,4064446.92,2147044.16,1602486.89,356069.34,2023-06-30
195693,4588305.42,2428182.47,1788191.61,456217.83,2023-06-30
230203,5363627.58,2826892.28,2137460.43,558501.46,2023-06-30
177294,3909640.15,2096774.81,1547419.17,396125.7,2023-06-30
171319,3188751.03,1581837.0,1391487.98,207418.97,2023-06-30
112245,2328200.54,1354671.99,785835.8,258390.66,2023-06-30
125871,2665613.01,1507437.43,952845.03,284553.58,2023-06-30
161558,3623852.55,1966435.69,1376533.52,310894.41,2023-07-07
183795,4223109.78,2240540.22,1643658.23,504517.97,2023-07-07
156582,3501487.6,1897239.52,1330017.27,505663.01,2023-07-07
137332,2677232.14,1615728.8,837005.97,215280.67,2023-07-07
212585,4021351.61,2007255.15,1718076.68,308113.52,2023-07-07
138945,3035799.52,1777142.63,1022604.71,292935.59,2023-07-07
152660,3306918.66,1949521.59,1088009.01,295832.15,2023-07-07
180707,4125947.92,2342558.04,1441774.98,363679.0,2023-07-14
248795,5796883.77,3143061.09,2196500.8,660801.56,2023-07-14
207243,4657039.6,2606035.07,1666521.06,601070.28,2023-07-14
159587,3031099.2,1981963.28,785290.94,243704.11,2023-07-14
241694,4371785.14,2503674.9,1535945.88,271939.23,2023-07-14
188423,3572863.57,2416953.78,844449.94,320746.02,2023-07-14
237967,5306092.88,3130764.74,1793979.0,309315.27,2023-07-14
357276,8655352.04,4625024.8,3477591.94,375375.91,2023-07-21
369394,9126319.52,4767350.96,3791962.27,544736.41,2023-07-21
328472,8079058.16,4201575.66,3384490.83,485600.86,2023-07-21
316236,6582274.8,3837662.81,2328728.12,288230.9,2023-07-21
359136,7615331.22,3768401.72,3299473.7,297714.22,2023-07-21
301088,6702758.81,3865132.89,2316655.57,287798.82,2023-07-21
290670,6542117.73,3715706.36,2352104.32,332123.38,2023-07-21
319133,7494115.45,4079288.02,2900565.79,426687.8,2023-07-28
357394,8584095.81,4497404.57,3524273.36,601116.41,2023-07-28
269672,6581325.32,3366160.72,2797062.9,555601.09,2023-07-28
243760,4986248.98,2868977.7,1790684.67,248247.42,2023-07-28
285176,6058995.34,2845084.0,2828094.08,322839.07,2023-07-28
218638,5039607.7,2770452.62,1902330.3,276266.7,2023-07-28
222574,5086183.83,2797575.04,1916464.85,280882.72,2023-07-28
250233,5828669.86,3171391.48,2225703.87,324350.06,2023-08-04
264937,6294610.49,3345091.06,2494625.28,500997.74,2023-08-04
260027,6074212.86,3299588.7,2355295.88,565285.03,2023-08-04
293629,6453801.92,3494169.57,2539308.8,406971.06,2023-08-04
261878,5172307.19,2468844.21,2369919.61,291914.33,2023-08-04
170847,3812024.79,2120675.05,1402160.91,322391.33,2023-08-04
170402,3788806.66,2100636.7,1401395.97,324120.65,2023-08-04
195164,4349156.39,2358501.96,1645700.82,400881.95,2023-08-11
235304,5416416.13,2835005.06,2152966.8,618483.76,2023-08-11
177368,3983146.31,2092095.35,1595903.44,518261.89,2023-08-11
136645,2622223.33,1516651.2,905453.76,262135.03,2023-08-11
208963,4026779.55,1862842.4,1895264.46,328023.31,2023-08-11
123383,2659526.73,1458782.29,999643.9,338442.13,2023-08-11
122070,2690287.21,1461385.27,1015066.52,338932.02,2023-08-11
173511,3974227.18,2071644.56,1579611.17,424219.47,2023-08-18
180195,4192766.29,2159672.38,1688052.35,649207.74,2023-08-18
135827,3179676.8,1626197.2,1292710.75,539882.57,2023-08-18
108669,2147715.78,1205003.78,770688.77,277052.78,2023-08-18
197072,3381834.33,1626754.7,1509005.86,298365.43,2023-08-18
257578,3174579.0,1928353.61,936812.07,345723.65,2023-08-18
208252,2740351.74,1613940.35,838816.44,392003.56,2023-08-18
222366,3483397.18,1965699.16,1163103.66,400639.45,2023-08-25
245750,3971911.26,2113897.8,1457226.75,642709.29,2023-08-25
254356,5507972.2,1190224.61,3944959.96,535832.15,2023-08-25
95356,1910755.49,1067926.14,670975.09,253812.4,2023-08-25
145553,2729944.55,1298267.85,1225466.9,297908.54,2023-08-25
105559,2190221.46,1229250.78,791202.79,331322.24,2023-08-25
234485,5044714.58,3956181.26,758452.81,329186.31,2023-08-25
155680,3389571.47,2018634.8,1064620.53,367014.91,2023-09-01
166879,3719475.38,2012569.59,1372215.14,533165.53,2023-09-01
163719,3675343.71,1961293.18,1403888.05,609310.25,2023-09-01
134263,2953787.81,1574076.87,1150641.82,358260.98,2023-09-01
88629,1642415.22,865335.15,658048.2,139640.22,2023-09-01
68972,1272866.16,831227.92,333400.96,143455.49,2023-09-01
100969,1809002.37,1166940.68,485719.55,165377.05,2023-09-01
170092,3383564.86,1902571.16,1216383.18,287073.05,2023-09-08
205839,4400909.64,2284477.76,1777669.12,576839.34,2023-09-08
150027,3157616.07,1631242.79,1289155.97,428808.18,2023-09-08
78021,1340272.17,781019.83,465332.23,162823.54,2023-09-08
114828,2068633.45,984792.25,948011.8,152369.28,2023-09-08
74405,1510663.7,845707.74,560254.28,179636.79,2023-09-08
68412,1467731.87,800659.45,555762.86,186754.83,2023-09-08
99365,2359849.45,1261256.04,901213.58,336923.13,2023-09-15
138656,3344707.89,1720518.67,1334082.44,619186.08,2023-09-15
91148,2178467.54,1133789.55,860836.99,511144.25,2023-09-15
43783,876890.38,514935.28,294222.51,136964.54,2023-09-15
81910,1518732.35,749833.76,672877.29,138092.12,2023-09-15
47139,970847.79,576144.52,317880.64,186889.04,2023-09-15
48227,1050627.3,609273.68,350761.19,197639.06,2023-09-15
81944,1937365.37,1016290.73,748014.18,330598.55,2023-09-22
118338,2862014.93,1444387.7,1160986.08,628942.3,2023-09-22
73694,1741013.92,896947.17,684135.86,514368.87,2023-09-22
40455,793640.03,486020.75,243473.46,136544.73,2023-09-22
77076,1417219.08,761511.09,551275.95,179500.98,2023-09-22
49489,986323.73,582306.39,326071.98,180761.01,2023-09-22
55339,1193770.82,693460.6,397311.22,196485.33,2023-09-22
109714,2659230.93,1340731.36,1096658.65,368281.51,2023-09-29
150521,3769352.93,1805039.0,1635027.14,680142.51,2023-09-29
104606,2616514.96,1270984.79,1107220.99,562520.71,2023-09-29
60454,1346786.4,736104.52,502125.45,209396.06,2023-09-29
73427,1449179.12,717697.23,625703.4,164824.75,2023-09-29
45433,974416.4825,596889.61,290776.0725,158628.72,2023-09-29
55993,1224453.75,720248.79,393873.35,202255.14,2023-09-29
107221,2616590.45,1333542.38,1057676.94,298460.49,2023-10-06
140778,3325040.7,1694291.3,1329964.58,530702.96,2023-10-06
120706,2756860.12,1469904.3,1030422.16,496325.9,2023-10-06
106653,2457982.09,1272182.8,970780.51,253458.57,2023-10-06
73836,1398215.28,712503.92,585862.24,124248.03,2023-10-06
43800,952591.66,592669.58,276802.32,155792.43,2023-10-06
54312,1209443.82,772455.17,333721.77,172132.03,2023-10-06
87484,3394879.96,1176110.06,2026922.6,308174.92,2023-10-13
128193,4354015.61,1649059.68,2404873.77,650341.57,2023-10-13
85365,2778022.18,1123012.06,1453823.34,532223.47,2023-10-13
40898,862046.81,559669.36,213237.12,121021.47,2023-10-13
69499,1307305.942,742239.57,459488.682,201688.17,2023-10-13
50436,1015689.19,674603.79,250716.83,204167.15,2023-10-13
58548,1531939.6,810630.81,614481.57,191127.61,2023-10-13
106240,3022169.35,1398883.48,1399573.05,355539.11,2023-10-20
146195,4159441.45,1830074.87,2011969.87,712349.33,2023-10-20
97906,2698277.56,1235371.35,1253516.04,533150.87,2023-10-20
47828,932682.66,601243.74,251201.53,129464.16,2023-10-20
78879,1431966.4,815047.75,514021.4,147530.82,2023-10-20
116420,1247376.28,854917.81,280264.24,245359.49,2023-10-20
105456,2048179.29,1092700.92,809739.32,255558.37,2023-10-20
155079,3972678.45,1758703.71,1955399.88,297485.23,2023-10-27
167856,4491271.93,1935462.86,2237148.76,590435.73,2023-10-27
120603,3154878.37,1381205.56,1544840.61,486633.28,2023-10-27
55039,1048235.31,572396.66,396154.38,98154.72,2023-10-27
74001,1427060.49,635605.45,696955.71,96042.79,2023-10-27
57723,1094370.22,642418.79,357913.0,147511.87,2023-10-27
65309,1251412.31,712660.94,442804.33,197323.19,2023-10-27
104498,2360036.59,1195175.94,978937.44,294295.89,2023-11-03
148927,4020607.27,1739704.44,1941113.47,682958.01,2023-11-03
87611,2305824.57,1089243.51,1027120.25,617293.29,2023-11-03
34891,716836.51,423710.3,225899.13,94412.76,2023-11-03
66653,1241186.78,644017.56,505062.42,189624.48,2023-11-03
49803,979171.5,633902.06,257102.8,144771.26,2023-11-03
64653,1527021.01,872837.95,526819.8,201355.28,2023-11-03
112416,2828196.1,1481523.73,1115867.37,369171.79,2023-11-10
160133,4106670.06,2035175.0,1739511.02,747319.2,2023-11-10
116693,2953465.81,1505752.13,1214035.33,672052.7,2023-11-10
74813,1598639.59,935305.13,539369.61,242609.81,2023-11-10
81742,1574461.65,820267.94,639436.67,166332.15,2023-11-10
59259,1156564.88,741616.18,314208.52,226779.52,2023-11-10
78250,1703360.98,1015108.82,550850.55,163722.14,2023-11-10
150257,3867492.75,1891514.65,1680422.6,408476.16,2023-11-17
188141,4993364.73,2326947.56,2260637.33,732700.06,2023-11-17
124079,3277469.03,1523897.72,1490032.09,593854.89,2023-11-17
62911,1248893.72,718609.17,425418.46,129980.63,2023-11-17
103149,2218447.02,1034782.14,1032560.49,136791.1,2023-11-17
78917,1779691.22,1013148.25,630651.02,186400.94,2023-11-17
84802,1883301.76,1081098.97,645006.45,331188.34,2023-11-17
133162,3273907.06,1665302.54,1347602.62,437594.8,2023-11-24
181029,4649870.92,2222352.04,2071196.99,739458.09,2023-11-24
117899,3016936.01,1414504.86,1364202.39,615358.46,2023-11-24
45911,968272.16,551427.98,336837.65,166547.25,2023-11-24
92005,1809415.29,925629.74,762336.28,172060.84,2023-11-24
69779,1376151.56,859459.36,410478.31,217520.81,2023-11-24
78480,1672352.55,1009345.36,528053.74,280125.5,2023-11-24
137136,3148074.9,1775651.82,1139113.88,498750.81,2023-12-01
191247,4654165.22,2406330.06,1891969.55,888179.25,2023-12-01
129950,3220880.58,1615963.14,1361371.38,557459.04,2023-12-01
67658,1339515.71,814847.2,427926.89,130987.29,2023-12-01
95584,1894600.83,971300.87,800062.06,186472.46,2023-12-01
70277,1490282.41,912358.96,468267.07,309434.63,2023-12-01
73859,1613374.15,972282.45,523397.9,335151.21,2023-12-01
111226,2590727.62,1456551.16,935719.11,571999.6,2023-12-08
149422,3728239.04,1923196.51,1506028.48,809428.51,2023-12-08
107550,2665801.05,1369375.48,1086429.1,565627.68,2023-12-08
57390,1124941.71,696630.16,339625.44,176287.27,2023-12-08
89581,1751911.14,904811.06,734085.12,355641.54,2023-12-08
60396,1317127.74,776180.09,437484.19,341139.42,2023-12-08
69397,1519474.2,892696.05,505225.68,406984.29,2023-12-08
108511,2596195.86,1387063.56,1010837.49,593161.33,2023-12-15
147069,3728543.6505,1861572.28,1557116.7505,804099.71,2023-12-15
114713,2865464.23,1467836.13,1163232.78,633944.09,2023-12-15
71552,1408466.33,820439.55,480882.64,211493.27,2023-12-15
113300,2199123.58,1133303.57,905652.3,258875.18,2023-12-15
93980,1860821.51,1153180.14,550619.2,270636.91,2023-12-15
115132,2435768.32,1424033.76,826102.36,348796.35,2023-12-15
149197,3444450.36,1895666.96,1274256.46,403765.95,2023-12-22
161309,3851254.4,2083555.75,1443509.45,429822.05,2023-12-22
125160,2814856.57,1629860.42,932448.33,205038.58,2023-12-22
177154,4029041.87,2254175.22,1480611.21,106664.51,2023-12-22
257876,5417752.37,2580643.24,2422512.13,379489.52,2023-12-22
226029,5085380.53,2818071.69,1904199.25,487397.07,2023-12-22
228155,5217697.7,2827067.37,1997988.44,605982.49,2023-12-22
223301,5183153.96,2789792.53,1989347.66,611444.63,2023-12-29
219389,5126050.33,2745088.27,1988446.74,795374.82,2023-12-29
134520,3272870.13,1657320.76,1327447.58,590958.2,2023-12-29
181136,3969685.9,2166413.85,1503266.9,429860.8,2023-12-29
225426,4336729.9,2154256.8,1873246.58,371049.99,2023-12-29
156434,3389377.11,1873155.76,1277179.85,390057.44,2023-12-29
162519,3543374.65,1935662.37,1346291.07,424066.03,2023-12-29
185275,4285455.2,2276930.97,1681751.28,524512.13,2024-01-05
197515,4747146.32,2456390.69,1938729.41,759401.77,2024-01-05
111483,2636850.95,1354862.98,1074011.98,571828.67,2024-01-05
47206,934167.54,547789.37,314635.43,109846.57,2024-01-05
66625,1297890.52,640147.18,572713.7,85624.34,2024-01-05
49345,1045787.5,616079.52,350388.92,118811.35,2024-01-05
55462,1189175.6,694401.77,402868.31,184848.07,2024-01-05
101296,2512007.65,1264824.14,1054685.99,292517.23,2024-01-12
165329,4108216.54,2019649.95,1777339.24,788939.29,2024-01-12
110022,2707166.13,1333953.06,1168938.02,531299.97,2024-01-12
41454,870011.15,489936.23,314906.59,138081.54,2024-01-12
76999,1568224.91,733176.55,743606.26,161420.84,2024-01-12
45573,975699.86,574858.99,330080.86,137072.9,2024-01-12
51876,1127810.55,658382.03,380395.63,167583.64,2024-01-12
120392,2819065.08,1483987.14,1115524.41,389982.83,2024-01-19
160874,4010918.76,1944000.47,1738890.83,827220.54,2024-01-19
93907,2309150.83,1131524.57,984568.33,640493.88,2024-01-19
35775,762404.24,422738.6,277865.76,180437.53,2024-01-19
65885,1285573.46,625605.45,573407.26,153185.26,2024-01-19
41047,919081.85,526368.06,316386.0,148052.28,2024-01-19
53964,1209129.79,724573.98,386414.52,181166.9,2024-01-19
111482,2628750.8,1479981.89,920151.09,402659.88,2024-01-26
159720,3925589.75,2015485.34,1562184.51,843881.42,2024-01-26
90488,2179235.72,1133615.13,838674.43,634547.87,2024-01-26
41782,863594.77,531592.28,261095.16,102370.62,2024-01-26
72570,1406943.4,715769.71,595720.18,145175.07,2024-01-26
46601,996187.95,596252.31,317659.24,191202.84,2024-01-26
61022,1202619.61,729319.17,366060.54,165890.13,2024-01-26
105522,2397384.77,1290348.16,892418.84,343356.64,2024-02-02
149676,3607242.3,1829223.97,1450016.87,703302.72,2024-02-02
88885,2037376.72,1055628.23,784698.9,678071.82,2024-02-02
45920,725958.44,444748.91,208201.44,98803.8,2024-02-02
111148,1833219.07,694651.08,1020351.69,149516.87,2024-02-02
43170,822448.02,513156.25,237368.19,160552.69,2024-02-02
46375,898941.69,557351.06,259958.48,146025.08,2024-02-02
81928,1812662.64,995371.03,648487.87,296339.69,2024-02-09
130157,3057066.7,1572106.12,1178184.79,719356.56,2024-02-09
76471,1620631.24,885150.87,565440.23,563032.37,2024-02-09
54683,837342.09,555394.54,189063.85,104447.05,2024-02-09
120433,1933139.61,882517.06,903806.42,147270.37,2024-02-09
92813,2462989.65,1187479.24,1111832.09,242587.05,2024-02-09
60892,1297699.29,757130.71,422402.11,173588.63,2024-02-09
114314,2669338.44,1439181.96,986817.06,352806.85,2024-02-16
166557,3987301.4,2054455.4,1581974.85,830328.32,2024-02-16
160244,3692000.75,1951840.7,1421673.28,926124.49,2024-02-16
143862,3147447.91,1623711.04,1248420.4,604286.38,2024-02-16
153268,2486810.63,978721.13,1337140.77,172644.86,2024-02-16
54437,1094904.51,670511.65,322777.74,167135.66,2024-02-16
57635,1208405.01,724679.35,370475.5,203417.41,2024-02-16
93468,2097410.25,1118816.26,782968.86,353029.77,2024-02-23
137087,3208150.75,1606317.92,1291941.34,766817.69,2024-02-23
93844,2129586.93,1098307.29,824219.0,649789.47,2024-02-23
60551,1019767.82,684043.68,232507.64,114285.9,2024-02-23
133294,2186796.86,1041788.59,990858.29,159982.11,2024-02-23
58226,1196179.43,829684.69,248885.4,166407.49,2024-02-23
77250,1990646.0,1110620.33,722237.59,212092.71,2024-02-23
123300,3448094.68,1745464.03,1458661.64,411852.31,2024-03-01
187663,5119859.93,2515216.93,2264422.11,780231.69,2024-03-01
114741,3178224.16,1517642.9,1433280.75,597846.07,2024-03-01
81246,1776294.49,1046029.91,586584.44,133022.57,2024-03-01
143132,3094600.65,1693514.21,1186391.27,142028.86,2024-03-01
118503,2571947.49,1661579.83,690023.99,163442.62,2024-03-01
123041,2747664.45,1693253.86,839076.89,168600.84,2024-03-01
200145,4933206.99,2723451.1,1855025.12,321933.58,2024-03-08
261557,6780111.57,3490972.31,2804534.58,715939.58,2024-03-08
177412,4547599.08,2307581.54,1909415.62,649113.25,2024-03-08
125136,2539954.64,1486896.23,860126.62,310055.04,2024-03-08
182539,3903991.51,1930665.13,1721988.58,330119.11,2024-03-08
124834,2780464.68,1671622.93,897894.21,346164.62,2024-03-08
126024,2859468.53,1627511.43,1018985.75,425443.54,2024-03-08
160965,3861353.68,2110029.58,1450215.53,592194.52,2024-03-15
186588,4724665.08,2451180.43,1903616.08,893151.55,2024-03-15
120803,3024456.14,1573497.39,1214300.78,633217.97,2024-03-15
57161,1181573.19,727124.02,358860.24,179861.96,2024-03-15
99604,1983651.95,1051771.38,807214.31,145754.64,2024-03-15
74079,1595910.02,1003029.31,467490.41,172374.21,2024-03-15
77338,1784851.36,1039086.49,610511.58,212943.16,2024-03-15
126749,3176015.12,1660576.96,1278941.19,355582.88,2024-03-22
193596,5030023.43,2491253.41,2156966.61,787599.97,2024-03-22
122489,3119582.13,1555088.4,1322122.89,640826.21,2024-03-22
68852,1425108.9,861366.11,449707.33,322621.37,2024-03-22
118080,2367460.57,1229117.62,980920.62,314998.27,2024-03-22
87317,1870921.9,1145386.39,578097.47,295375.26,2024-03-22
129923,3050370.77,1756157.59,1064055.24,353423.78,2024-03-22
242659,6268500.0,3218904.28,2603223.77,591705.62,2024-03-29
188197,4835544.11,2476603.41,1995870.01,761173.57,2024-03-29
139853,3448773.87,1843660.67,1358300.55,501333.18,2024-03-29
102802,2412131.85,1303147.56,940280.95,256393.19,2024-03-29
88860,1852665.12,931526.59,805944.48,181460.42,2024-03-29
52424,1174309.89,685765.03,403955.5,240263.8,2024-03-29
57339,1347722.12,781336.83,464951.42,232531.37,2024-03-29
106919,2594881.27,1411876.92,987101.88,369338.1,2024-04-05
158423,4040871.51,2050610.46,1679452.65,758931.46,2024-04-05
94455,2385764.82,1214936.71,992876.31,600629.14,2024-04-05
40431,888255.44,508352.36,310962.76,154891.81,2024-04-05
68290,1384512.78,699938.2,599763.89,164305.31,2024-04-05
49132,1097264.81,637873.14,372761.27,217371.18,2024-04-05
56316,1306459.09,748222.96,459857.94,208409.65,2024-04-05
100696,2483694.07,1335189.75,954226.07,357842.38,2024-04-12
146268,3771901.79,1872622.42,1591247.58,736494.59,2024-04-12
85079,2155653.35,1080741.38,902937.2,539742.85,2024-04-12
39485,819738.36,470014.55,291791.39,130117.06,2024-04-12
69825,1428892.56,694919.68,645989.15,182693.42,2024-04-12
42020,935671.75,525469.18,339629.32,198893.59,2024-04-12
47078,1084039.84,612297.91,389064.78,203501.92,2024-04-12
88846,2212318.38,1156688.71,870044.38,373927.72,2024-04-19
130580,3324832.36,1669233.72,1370326.64,752180.97,2024-04-19
82131,2034970.36,1033260.81,825690.12,525839.28,2024-04-19
36445,777071.8,437874.53,282423.34,119388.12,2024-04-19
71247,1360356.79,688235.58,586465.92,146639.82,2024-04-19
40549,859654.8,514523.57,283167.34,205694.07,2024-04-19
46086,1033791.41,586409.55,371198.89,223310.54,2024-04-19
74954,1824114.59,960713.66,711231.26,374790.27,2024-04-26
121812,3079428.41,1535724.62,1273908.28,788571.62,2024-04-26
82115,1979157.64,1023062.8,784656.63,592598.88,2024-04-26
42622,874094.36,505769.85,307835.64,137665.61,2024-04-26
75106,1445909.0,739031.58,620553.85,171098.5,2024-04-26
42443,949175.12,561053.06,320241.76,221051.87,2024-04-26
51171,1172282.08,693855.4,398487.41,196971.92,2024-04-26
97667,2492994.45,1320252.38,1006805.7,322770.81,2024-05-03
118878,3171920.47,1577652.92,1371752.78,624693.49,2024-05-03
92475,2354148.96,1212871.71,971361.02,491885.86,2024-05-03
41127,912716.4,526812.4,327492.91,123725.32,2024-05-03
77783,1588999.94,781159.0,721539.96,152411.87,2024-05-03
47994,1080057.81,656797.27,349662.05,127250.56,2024-05-03
59157,1374210.39,824877.14,458136.16,188248.47,2024-05-03
97517,2509270.03,1332153.2,1005147.93,297526.07,2024-05-10
145766,3831392.33,1943998.11,1621731.01,608879.09,2024-05-10
93732,2419162.8,1241077.1,1008132.26,375010.6,2024-05-10
49981,1074469.74,630030.01,377669.44,114902.17,2024-05-10
90848,1839587.97,906817.67,837621.02,127036.36,2024-05-10
50244,1119054.38,652448.75,390121.42,195268.51,2024-05-10
56794,1251358.52,740283.85,415523.99,185411.48,2024-05-10
130639,3225748.16,1657886.14,1330995.57,306626.82,2024-05-17
161449,4063610.75,2025992.43,1723537.28,614720.97,2024-05-17
157308,3967895.03,1991717.4,1692660.27,649963.89,2024-05-17
132704,3223670.17,1778059.56,1184232.68,331971.89,2024-05-17
84851,1684986.9,855061.59,711799.47,131697.34,2024-05-17
47926,1032009.34,619604.26,333820.22,146896.4,2024-05-17
56616,1291490.47,754200.5,439778.95,203641.7,2024-05-17
112909,2839694.05,1475779.59,1152967.19,258215.33,2024-05-24
185635,4769207.4,2324464.7,2078554.23,624212.93,2024-05-24
112230,2915244.93,1412791.54,1270766.87,480458.25,2024-05-24
50601,1129743.29,637667.75,408437.11,107281.07,2024-05-24
92154,1911459.31,920555.63,878167.57,151251.92,2024-05-24
45008,1028887.25,585767.1,366115.59,180449.39,2024-05-24
49714,1154403.69,644367.07,421706.68,160522.03,2024-05-24
85879,2090274.78,1071682.54,861073.53,280936.21,2024-05-31
125381,3196795.92,1551222.61,1386369.1,523422.33,2024-05-31
103200,2544660.04,1264259.69,1075024.31,457867.61,2024-05-31
42846,924151.13,515390.03,333862.62,142329.88,2024-05-31
72153,1443533.22,704183.89,646598.98,172096.16,2024-05-31
41755,916889.95,529676.05,311109.35,204057.7,2024-05-31
51537,1205367.03,678474.33,433038.53,208822.71,2024-05-31
110404,2826002.19,1418093.79,1198719.03,323224.84,2024-06-07
143385,3710201.75,1830346.72,1578106.46,545500.74,2024-06-07
104605,2695605.12,1335802.71,1137637.26,400339.7,2024-06-07
48134,1062693.9,627729.88,352320.48,164135.45,2024-06-07
86280,1809919.54,922159.01,775378.25,203582.88,2024-06-07
54031,1156017.72,702116.15,366492.72,267800.82,2024-06-07
72525,1625433.66,989973.79,507844.68,266061.0,2024-06-07
177107,4550531.75,2418640.64,1849629.33,353491.61,2024-06-14
234392,6208886.1,3165135.11,2624280.14,562705.0,2024-06-14
186259,4983962.06,2529385.19,2110738.43,489171.52,2024-06-14
99068,2168655.81,1270269.95,771987.32,180886.35,2024-06-14
148529,3212279.01,1605456.86,1440090.43,205781.79,2024-06-14
101685,2258800.45,1328036.89,808564.59,252545.01,2024-06-14
111684,2547327.22,1469265.74,928847.71,317081.38,2024-06-14
169935,4033872.84,2258052.91,1522613.24,304538.69,2024-06-21
244925,6231621.04,3236186.18,2559299.67,558915.15,2024-06-21
220850,5411816.02,2843493.28,2193406.73,467065.68,2024-06-21
122050,2494114.06,1424360.21,902679.76,220835.38,2024-06-21
175733,3506574.36,1767723.64,1557668.95,541612.62,2024-06-21
130067,2698534.64,1611738.4,923451.14,261950.12,2024-06-21
161859,3522918.0,2064586.04,1232903.2,356665.43,2024-06-21
210799,4932974.09,2758658.88,1847243.44,360253.74,2024-06-28
288735,6816202.25,3683608.98,2655677.61,558267.18,2024-06-28
232509,5522936.7,2989657.43,2172697.63,567886.64,2024-06-28
160342,3679791.09,2026979.41,1405557.01,322180.52,2024-06-28
189598,3672473.58,1950678.4,1507080.47,214391.35,2024-06-28
168129,4022523.96,2183375.32,1610502.53,228149.3,2024-06-28
147642,3382550.2,1919664.21,1255415.73,250529.32,2024-06-28
184714,4394851.84,2426743.55,1686284.28,290086.28,2024-07-05
237417,5813942.09,3071257.94,2363759.46,478868.84,2024-07-05
160625,3913058.3,2087071.95,1566723.89,542546.14,2024-07-05
114121,2346224.44,1404405.47,790908.59,179697.7,2024-07-05
196225,3986505.35,2014848.1,1734872.47,245456.77,2024-07-05
158468,3488507.98,1961344.7,1299952.79,295110.36,2024-07-05
140174,3100837.09,1742850.14,1144081.92,233064.41,2024-07-05
166636,3833784.54,2019418.04,1538614.19,283890.18,2024-07-12
182294,4345886.77,2206341.6,1808841.13,459117.24,2024-07-12
145851,3426925.71,1763188.02,1406260.75,445448.35,2024-07-12
126148,2544439.77,1449218.24,914834.17,250228.12,2024-07-12
200339,3947700.42,1954600.37,1749277.1,239617.14,2024-07-12
113819,2527279.1,1455843.06,898486.17,269559.16,2024-07-12
128758,2935398.01,1760168.48,985350.25,306084.31,2024-07-12
170268,4151441.46,2285790.18,1597579.58,396756.65,2024-07-19
195811,4887701.13,2605664.13,1930146.17,535979.14,2024-07-19
165135,4030990.32,2203444.0,1540425.25,467066.2,2024-07-19
135700,2839499.62,1797985.73,836393.88,238964.23,2024-07-19
229843,4626638.37,2536674.64,1783042.47,277639.91,2024-07-19
173263,3802369.07,2358289.22,1167421.54,315529.96,2024-07-19
208850,6183021.35,2916690.91,2931506.4,323026.47,2024-07-19
254034,7583661.02,3641848.02,3528092.45,371163.86,2024-07-26
261845,7760662.54,3712904.77,3622967.0,515457.19,2024-07-26
237301,6801602.71,3350641.05,3074571.27,450520.32,2024-07-26
207564,4922907.01,2781069.1,1846511.06,282267.6,2024-07-26
292606,6780687.75,3202670.34,3191871.18,300682.79,2024-07-26
203934,5100161.95,2830028.59,1910630.06,278462.49,2024-07-26
179124,4548909.98,2512469.31,1707517.1,307448.16,2024-07-26
227043,5883761.53,3163754.06,2315094.07,332719.5,2024-08-02
250380,6644667.11,3474786.1,2725087.52,461413.88,2024-08-02
240165,6324953.49,3315333.43,2603074.12,513854.73,2024-08-02
231775,5708958.6,3030401.7,2323246.99,390103.19,2024-08-02
226245,4878020.49,2333147.51,2239112.97,329691.14,2024-08-02
132610,3188980.99,1755846.46,1194335.01,300432.56,2024-08-02
144932,3558956.51,1924420.28,1366101.14,295560.09,2024-08-02
215848,5527022.23,2838164.98,2307325.97,414456.18,2024-08-09
220235,5785400.69,2920465.14,2463285.06,586142.12,2024-08-09
179780,4642535.63,2346809.15,1970303.65,558243.05,2024-08-09
138936,3079157.25,1715575.33,1153387.58,256971.2,2024-08-09
198251,4389268.26,2013191.49,2106510.82,309137.41,2024-08-09
127500,3053505.19,1680241.72,1149756.05,335961.38,2024-08-09
142793,3624894.82,1909785.69,1459328.52,333995.31,2024-08-09
193993,4968115.15,2624982.86,1979326.97,381364.26,2024-08-16
235749,6107548.94,3135373.46,2525495.14,627271.93,2024-08-16
196245,4919687.01,2561667.2,2006721.65,604768.64,2024-08-16
145614,3089861.43,1746456.08,1123340.33,298687.29,2024-08-16
206534,4370933.66,2003901.94,2086671.1,329150.84,2024-08-16
128904,3047186.01,1665662.41,1160023.12,344719.91,2024-08-16
111267,2645105.25,1418662.38,1022677.68,341404.58,2024-08-16
130549,3263024.88,1702065.52,1288505.69,382655.47,2024-08-23
154703,4010381.37,2025824.2,1658233.28,620188.82,2024-08-23
115427,2882529.55,1472708.48,1180084.51,527209.77,2024-08-23
88211,1898230.73,1051156.28,695989.14,269930.75,2024-08-23
142601,2951508.36,1345219.61,1414744.94,313556.89,2024-08-23
85178,2010688.14,1063928.31,795870.44,339179.87,2024-08-23
74270,1767357.46,948049.3,677763.04,308617.8,2024-08-23
97664,2463146.89,1289870.78,948174.72,338940.21,2024-08-30
141142,3476811.13,1832462.68,1350346.56,518992.92,2024-08-30
134956,3320629.23,1768668.77,1276235.11,525976.67,2024-08-30
110853,2622238.94,1402281.01,1016343.67,299500.35,2024-08-30
84736,1636500.37,824819.25,695864.59,146400.76,2024-08-30
71956,1143680.8,641611.0,417051.11,141430.2,2024-08-30
93422,1429781.11,784044.13,534737.95,147511.22,2024-08-30
115185,3096926.96,1483616.49,1392111.55,197930.56,2024-09-06
179884,4878042.74,2314276.48,2214615.32,484598.02,2024-09-06
108377,2899735.96,1388073.7,1311288.59,469305.13,2024-09-06
49752,1125733.61,623843.93,421621.65,122013.54,2024-09-06
82650,1867281.22,829060.89,935440.38,190429.71,2024-09-06
48990,1172099.4283,655119.99,431602.6783,158449.4,2024-09-06
56701,1326955.37,750815.43,480143.21,200595.51,2024-09-06
112965,2811654.17,1453733.32,1162031.52,268449.16,2024-09-13
151181,4155015.3,2004207.74,1856396.73,628871.18,2024-09-13
92462,2402204.93,1198831.77,1033024.58,438467.41,2024-09-13
43889,925292.71,547844.01,312964.29,114274.09,2024-09-13
81407,1684987.5,809406.88,781607.74,141624.23,2024-09-13
45279,1060525.25,608792.11,380756.65,174679.86,2024-09-13
52106,1191116.93,690443.18,417731.28,157447.7,2024-09-13
102788,2623278.3,1356962.79,1069404.98,276573.0,2024-09-20
153024,4009005.73,1983376.14,1715020.11,634649.03,2024-09-20
97511,2484465.5,1251130.01,1037883.17,473663.13,2024-09-20
45089,928880.2,543845.36,319735.91,135899.5,2024-09-20
78555,1555586.42,763973.54,697286.4,160748.43,2024-09-20
47978,1036403.89,624808.29,338181.25,182353.22,2024-09-20
57632,1259199.89,747450.43,421503.89,213929.99,2024-09-20
121360,3034182.74,1589537.1,1209298.19,289845.02,2024-09-27
174277,4509574.68,2252331.83,1909880.29,603565.96,2024-09-27
127446,3301379.19,1657914.14,1395087.31,545348.53,2024-09-27
71481,1749078.63,918427.15,698968.56,210936.4,2024-09-27
73976,1529566.86,753997.4,660258.02,153266.33,2024-09-27
45968,984126.77,591554.62,302900.53,143306.18,2024-09-27
57330,1350997.27,764497.23,470430.71,152959.85,2024-09-27
107061,2869275.47,1410072.78,1230039.88,308714.8,2024-10-04
151230,3997887.84,1912547.8,1754698.97,572974.04,2024-10-04
95575,2474544.37,1170346.47,1097413.87,432335.15,2024-10-04
35608,777082.55,428893.29,289208.13,122595.1,2024-10-04
73501,1504556.0,718052.72,695907.75,155018.63,2024-10-04
47690,965894.03,611514.98,284167.84,193950.4,2024-10-04
54171,1141833.21,680002.16,375648.24,199397.81,2024-10-04
111339,2615863.01,1391164.15,1023909.7,276270.38,2024-10-11
136782,3258409.99,1714721.21,1265552.94,478928.45,2024-10-11
129806,2982428.17,1647208.23,1085509.23,417165.34,2024-10-11
129390,2966183.02,1583471.8,1154025.33,264388.66,2024-10-11
79445,1505231.9,737461.72,670419.39,143363.08,2024-10-11
49494,1042005.83,610303.65,356607.8,133335.52,2024-10-11
55614,1214615.16,718435.47,400992.06,163610.89,2024-10-11
111819,2715985.34,1450196.93,1058370.55,272784.11,2024-10-18
145472,3720174.62,1897157.67,1502367.58,586720.0,2024-10-18
94006,2339602.34,1221933.36,914792.91,434419.24,2024-10-18
48183,1020273.35,609968.78,329379.81,151960.48,2024-10-18
85053,1725401.22,855114.33,761164.42,168707.64,2024-10-18
52712,1161677.47,695319.73,375091.19,146732.47,2024-10-18
94431,2245505.24,1339192.24,782114.65,210232.49,2024-10-18
129271,3366838.64,1763358.17,1359280.07,295073.5,2024-10-25
164476,4313496.18,2225181.11,1761326.55,562508.04,2024-10-25
110491,2832161.29,1477738.19,1134497.0,457081.32,2024-10-25
50695,1066860.81,646799.86,344068.36,121665.15,2024-10-25
94791,1949343.43,979613.75,860696.54,156483.4,2024-10-25
55151,1184338.6,726545.4,377397.38,112474.34,2024-10-25
57399,1304238.16,771565.08,431338.9,83836.54,2024-10-25
117911,2722592.22,1547956.33,961763.01,290043.76,2024-11-01
179592,4367622.65,2365319.27,1660331.88,622816.39,2024-11-01
116203,2773524.87,1522591.77,1045202.93,548847.08,2024-11-01
50596,1003226.49,624982.15,308877.07,114994.97,2024-11-01
87195,1676196.19,873626.79,710113.33,180854.27,2024-11-01
50425,1077149.82,671030.75,330291.4,169340.64,2024-11-01
59774,1267871.61,767364.86,401115.24,202455.55,2024-11-01
107374,2551854.15,1398204.66,942931.05,347830.52,2024-11-08
156169,3804659.4,2029762.63,1463284.66,686175.27,2024-11-08
124023,3053910.75,1617864.2,1182407.34,710952.88,2024-11-08
76154,1715636.64,971944.24,599351.27,274715.37,2024-11-08
89348,1682885.96,942299.22,629462.33,182947.36,2024-11-08
59205,1180608.16,792682.53,292332.18,205319.02,2024-11-08
64455,1335228.77,866329.39,361583.91,214286.62,2024-11-08
106568,2469853.42,1403233.45,877746.29,394455.35,2024-11-15
159885,3941422.06,2102554.42,1529094.32,722971.21,2024-11-15
110925,2619808.18,1470100.09,931303.23,511408.69,2024-11-15
64667,1271641.68,869794.21,272169.52,102538.82,2024-11-15
103693,1972452.45,1177629.93,639521.74,162195.95,2024-11-15
79395,1742611.251,1123821.85,474552.901,191270.82,2024-11-15
103299,2480011.12,1462301.76,831699.82,200229.43,2024-11-15
193394,5373096.14,2695969.61,2350447.32,483193.57,2024-11-22
233291,6716744.81,3213839.3,3098476.32,793884.98,2024-11-22
163876,4744837.05,2231727.85,2231051.52,575577.65,2024-11-22
98361,2142522.17,1299400.78,704680.45,122048.12,2024-11-22
154556,3706457.92,1811124.49,1678755.14,166500.86,2024-11-22
140878,3371272.79,1992127.06,1137679.2,180437.65,2024-11-22
141657,3318832.0,2001202.85,1077002.91,309185.2,2024-11-22
226837,5908960.68,3143807.75,2382769.84,548119.98,2024-11-29
302532,8526002.06,4138416.57,3857392.73,854523.46,2024-11-29
198740,5774006.85,2660306.63,2754487.43,468276.02,2024-11-29
77259,1728908.52,993586.57,617480.18,146175.53,2024-11-29
138835,3106120.22,1563954.99,1378467.41,242389.3,2024-11-29
102325,2157094.44,1378690.62,616366.02,256037.99,2024-11-29
102268,2202156.42,1388257.35,652566.27,388834.45,2024-11-29
170289,4069814.08,2277399.48,1523562.62,500258.77,2024-12-06
235452,6191391.46,3160874.43,2606521.69,754144.9,2024-12-06
161026,4323725.5,2129380.17,1917899.76,596708.68,2024-12-06
73186,1550326.47,919748.52,521056.48,148392.6,2024-12-06
114305,2484200.22,1229731.94,1103905.85,324844.82,2024-12-06
82696,1798816.408,1088495.28,569243.508,278978.62,2024-12-06
84590,1921646.99,1124583.27,651743.46,460889.25,2024-12-06
130408,3152366.91,1715591.57,1207664.56,572253.38,2024-12-13
183513,4793414.28,2399057.22,2012262.72,935868.45,2024-12-13
132137,3443585.24,1713091.86,1463497.68,670997.17,2024-12-13
73191,1534798.54,909375.35,507133.55,253527.99,2024-12-13
116813,2420567.96,1210102.49,1055588.88,340983.02,2024-12-13
91609,1871171.7,1119105.6,606848.51,320891.42,2024-12-13
103939,2336595.71,1319053.37,836473.92,332401.53,2024-12-13
160148,4122214.6,2068681.9,1749090.0,596339.97,2024-12-20
200199,5190524.62,2602368.14,2166268.54,694753.31,2024-12-20
194942,4872318.24,2498199.61,1994178.86,553925.0,2024-12-20
159342,3705430.59,1960199.17,1445669.94,387706.4,2024-12-20
156504,3366478.28,1712753.61,1371987.77,107276.7,2024-12-20
195833,4838781.41,2660346.45,1859801.23,116511.83,2024-12-20
265028,6455256.8,3428613.27,2569030.46,442346.42,2024-12-20
265022,6279867.73,3319857.79,2513837.88,552556.48,2024-12-27
273717,6514487.21,3427678.37,2617764.73,813085.71,2024-12-27
272191,6400439.27,3356572.95,2602131.12,840017.04,2024-12-27
255689,5667170.96,3022124.99,2269389.61,629633.19,2024-12-27
197370,4360992.86,1955156.13,2045875.73,573789.32,2024-12-27
231502,5498196.17,2894771.22,2197748.43,578804.4,2024-12-27
208234,4735741.9,2548767.71,1834701.23,491365.34,2024-12-27
216107,5057172.52,2658143.12,2021828.01,645147.25,2025-01-03
222679,5466136.98,2749592.94,2313298.32,876402.75,2025-01-03
133258,3224078.08,1606189.85,1382916.79,587882.93,2025-01-03
53005,1076853.01,602361.04,394161.58,151474.37,2025-01-03
87114,1714447.11,814520.88,807327.14,133875.41,2025-01-03
49931,1026425.74,592574.73,361310.67,153451.6,2025-01-03
58656,1201465.54,697285.34,405677.68,131544.35,2025-01-03
106440,2465134.51,1296462.8,985852.5,354163.16,2025-01-10
174688,4258312.85,2084901.58,1851420.84,844341.83,2025-01-10
115867,2607398.59,1284200.69,1114566.8,570733.2,2025-01-10
50953,783394.8,458869.36,251670.13,122774.56,2025-01-10
137724,2278446.91,844588.5,1304753.78,160105.47,2025-01-10
47939,963512.08,549107.22,335928.76,177994.51,2025-01-10
52465,1065032.37,612996.6,365899.08,205854.64,2025-01-10
111741,2539187.02,1394882.05,943927.05,441842.18,2025-01-17
161147,3884307.17,1929728.43,1642126.89,1032673.23,2025-01-17
107379,2413956.7,1212116.6,1000952.06,678950.15,2025-01-17
49205,859799.85,455173.1,296945.0,170143.16,2025-01-17
131705,2259502.94,803911.7,1321247.51,199325.27,2025-01-17
40415,863586.47,487401.85,304310.42,205095.69,2025-01-17
46160,989175.36,556461.71,340227.83,222916.12,2025-01-17
93029,2202124.69,1123789.63,891336.99,406683.73,2025-01-24
146152,3617477.57,1763346.94,1560908.73,954654.62,2025-01-24
86094,1996420.78,990637.29,835710.81,621967.65,2025-01-24
47674,791799.65,466709.73,256765.76,114403.5,2025-01-24
133632,2145381.17,879502.69,1130760.71,174873.15,2025-01-24
59670,1127940.32,734390.96,306012.93,246347.89,2025-01-24
64205,1272635.15,789538.27,374216.4,202464.78,2025-01-24
124780,2959012.99,1535359.74,1169847.85,426700.75,2025-01-31
184753,4552666.59,2250688.28,1913309.43,826669.99,2025-01-31
113584,2744228.17,1344278.52,1162052.14,594178.27,2025-01-31
44813,737866.65,437304.8,225419.06,217182.21,2025-01-31
125483,2003977.58,803125.81,1070283.07,154112.84,2025-01-31
46724,901051.04,543198.29,283225.95,155035.2,2025-01-31
53031,1025604.97,638794.55,298378.07,176831.55,2025-01-31
97060,2102402.99,1110269.47,817741.18,365529.33,2025-02-07
147841,3504041.31,1674325.15,1519158.02,914211.04,2025-02-07
85834,1897325.44,959903.04,751096.38,606037.1,2025-02-07
53593,902676.99,581408.54,233443.27,111477.76,2025-02-07
161697,2577430.46,1384277.99,1011789.9,151575.14,2025-02-07
73904,1342177.09,999076.3,224929.75,124789.66,2025-02-07
100147,2278613.62,1369449.69,734745.42,222590.09,2025-02-07
191046,5176012.72,2540893.02,2299637.11,515766.92,2025-02-14
187870,4822064.18,2400436.54,2064132.71,885383.77,2025-02-14
150413,3743887.96,1951906.17,1505524.15,697836.41,2025-02-14
165721,4115209.11,2060576.67,1775034.51,620323.14,2025-02-14
101658,2125858.0,1059005.51,936790.17,174051.62,2025-02-14
68095,1462436.754,911115.39,434964.364,220775.9,2025-02-14
63198,1378364.855,832145.87,432842.085,263215.31,2025-02-14
105541,2489907.69,1361075.51,931024.52,357305.17,2025-02-21
159888,4007127.17,2001671.79,1679637.24,902119.02,2025-02-21
99748,2493310.96,1231764.01,1058562.52,677089.32,2025-02-21
38609,807503.4,470986.02,281199.42,165085.72,2025-02-21
77432,1534470.64,773746.63,673180.25,216549.43,2025-02-21
41606,902658.72,543088.78,297320.09,332130.0,2025-02-21
42608,940043.96,536333.68,334619.68,222156.92,2025-02-21
78545,1865214.63,975013.63,737398.88,401987.36,2025-02-28
125873,3128173.29,1537747.22,1320934.47,913651.37,2025-02-28
83804,2030458.54,1004422.74,844991.9,609053.36,2025-02-28
49719,974603.79,541773.05,353415.92,165938.15,2025-02-28
90764,1715352.55,829614.29,764614.72,222049.59,2025-02-28
60753,1263920.23,709448.35,446124.78,183936.69,2025-02-28
67993,1437196.69,786563.42,526171.54,238825.19,2025-02-28
97443,2304386.53,1176964.21,929069.73,422562.25,2025-03-07
132656,3266423.78,1602538.43,1373566.6,854100.97,2025-03-07
87064,2059959.93,1037670.74,845256.96,715972.84,2025-03-07
65429,1269207.2,694277.87,464315.45,328590.99,2025-03-07
117073,2289327.71,1084938.66,1050537.68,432517.3,2025-03-07
71478,1520936.94,812732.69,581511.39,430118.27,2025-03-07
71404,1520935.22,801775.51,590424.08,491019.84,2025-03-07
101002,2362071.07,1196887.01,962727.94,659179.02,2025-03-14
130775,3201244.39,1603832.37,1328079.38,1062937.8,2025-03-14
85835,2026767.76,1037640.31,814873.73,770014.1,2025-03-14
36406,710328.86,426617.11,230603.66,154359.73,2025-03-14
68734,1295185.77,651592.35,568597.07,173871.54,2025-03-14
38536,819117.33,478510.29,283932.06,188069.36,2025-03-14
47931,1057807.19,607394.67,368870.11,243621.63,2025-03-14
92780,2319487.49,1180383.66,970701.02,456044.15,2025-03-21
136100,3493410.81,1695207.71,1528496.81,922590.38,2025-03-21
86496,2188697.79,1073549.57,943446.47,735547.79,2025-03-21
40054,842085.35,483587.48,298821.93,203974.45,2025-03-21
76094,1508017.61,745996.85,672743.91,266504.2,2025-03-21
46718,999443.1,581617.24,353465.99,281031.29,2025-03-21
53757,1155943.34,688716.18,386050.64,265025.39,2025-03-21
95045,2273150.42,1199001.08,922657.79,430312.3,2025-03-28
138846,3425804.44,1709344.92,1457978.49,955222.64,2025-03-28
101291,2380379.44,1256831.29,940562.62,808773.58,2025-03-28
60498,1215803.96,774048.31,356338.23,306766.0,2025-03-28
88244,1757527.63,1029672.88,626127.18,277399.98,2025-03-28
60645,1242063.78,884268.39,268258.74,233697.63,2025-03-28
99777,2245992.51,1459404.81,627025.43,293392.73,2025-03-28
214498,6054541.35,3082023.27,2635456.07,413967.86,2025-04-04
291563,8374531.78,4035792.73,3804239.6,867722.36,2025-04-04
183336,5495650.98,2522529.57,2614639.66,712122.72,2025-04-04
64825,1492560.56,896018.95,503647.19,137769.97,2025-04-04
111456,2563867.09,1282686.14,1150185.51,207403.58,2025-04-04
76666,1686144.37,1059306.68,533775.27,208835.21,2025-04-04
92330,2059529.89,1303657.84,634999.85,236994.42,2025-04-04
180386,4521218.17,2503629.91,1748310.4,401246.42,2025-04-11
247403,6735531.84,3357467.58,2951414.18,775752.79,2025-04-11
144406,4030624.78,1932419.09,1842926.79,568542.81,2025-04-11
59748,1253430.88,781275.61,389744.2,162505.57,2025-04-11
108100,2217139.62,1159029.79,941783.33,168617.82,2025-04-11
74387,1511009.01,942998.32,469073.29,269382.96,2025-04-11
117540,2721405.64,1576682.55,956927.26,325511.15,2025-04-11
223908,5716920.4,2974835.81,2338124.59,487155.44,2025-04-18
185455,4718548.68,2427530.6,1941546.86,704278.25,2025-04-18
144873,3424732.79,1856446.28,1329190.29,528245.0,2025-04-18
147088,3162131.77,1699425.72,1249727.69,323941.1,2025-04-18
167722,2877503.79,1162378.83,1535097.28,221916.29,2025-04-18
71472,1526338.39,898139.1,520876.41,195641.9,2025-04-18
78261,1751076.92,1002315.27,616374.56,262413.83,2025-04-18
131521,3320799.84,1705896.86,1390451.91,360669.89,2025-04-25
195028,5071576.72,2488302.06,2231141.08,752164.43,2025-04-25
132686,3280049.41,1605536.08,1442263.51,599828.17,2025-04-25
81288,1464799.97,900323.86,457707.8,157290.41,2025-04-25
173502,3174144.02,1274677.5,1727685.57,219650.54,2025-04-25
72659,1695870.65,1015931.81,567108.39,265869.9,2025-04-25
