monthly_signups,monthly_exits,annual_signups,annual_exits,gift_signups,gift_exits,week
473,157,73,1,35,0,2022-12-30
362,179,54,1,33,0,2022-12-30
270,155,34,3,18,0,2022-12-30
246,158,39,0,19,1,2022-12-30
290,159,34,1,12,0,2022-12-30
439,128,42,1,11,0,2023-01-06
434,158,47,0,22,0,2023-01-06
254,131,43,0,23,0,2023-01-06
161,288,22,2,14,0,2023-01-06
188,200,23,0,3,0,2023-01-06
203,184,19,0,8,0,2023-01-06
181,185,23,0,14,0,2023-01-06
312,158,30,0,11,0,2023-01-13
385,144,33,0,20,0,2023-01-13
236,190,26,1,8,0,2023-01-13
194,265,24,2,2,0,2023-01-13
236,240,35,1,13,0,2023-01-13
217,202,27,1,6,0,2023-01-13
212,198,26,0,11,0,2023-01-13
307,199,30,0,7,0,2023-01-20
386,228,29,0,10,0,2023-01-20
273,198,24,0,8,0,2023-01-20
168,175,10,0,7,0,2023-01-20
194,220,18,1,5,0,2023-01-20
322,228,22,0,10,0,2023-01-20
324,383,29,0,12,0,2023-01-20
440,213,38,1,12,0,2023-01-27
407,222,46,0,6,0,2023-01-27
279,257,25,1,7,0,2023-01-27
179,209,16,0,6,0,2023-01-27
172,171,20,2,8,0,2023-01-27
231,221,18,0,12,0,2023-01-27
229,216,28,1,1,0,2023-01-27
304,198,31,0,9,0,2023-02-03
380,173,35,1,4,0,2023-02-03
253,168,17,1,5,0,2023-02-03
151,170,16,1,0,0,2023-02-03
157,179,11,1,4,0,2023-02-03
161,154,13,0,1,0,2023-02-03
179,246,15,0,2,0,2023-02-03
321,150,19,0,4,0,2023-02-10
326,187,15,0,4,0,2023-02-10
193,156,14,2,4,0,2023-02-10
178,166,12,0,2,0,2023-02-10
230,151,25,2,5,1,2023-02-10
212,163,13,1,11,0,2023-02-10
304,206,26,0,3,0,2023-02-10
439,173,35,0,2,0,2023-02-17
566,180,30,1,7,0,2023-02-17
440,173,27,0,9,0,2023-02-17
403,180,35,0,4,0,2023-02-17
153,220,13,0,1,0,2023-02-17
155,173,14,0,3,0,2023-02-17
168,151,18,0,4,0,2023-02-17
256,154,22,0,8,0,2023-02-24
346,227,19,0,3,0,2023-02-24
204,316,14,1,4,0,2023-02-24
120,250,6,1,4,0,2023-02-24
161,583,11,0,2,0,2023-02-24
195,181,22,0,2,0,2023-02-24
191,187,14,0,3,0,2023-02-24
265,188,22,0,0,0,2023-03-03
309,218,17,0,7,0,2023-03-03
241,192,15,1,2,0,2023-03-03
137,173,12,1,3,0,2023-03-03
177,158,12,0,1,0,2023-03-03
183,162,12,0,3,0,2023-03-03
213,154,22,0,1,0,2023-03-03
373,180,26,1,1,0,2023-03-10
440,170,36,0,5,0,2023-03-10
279,278,22,1,5,0,2023-03-10
232,173,14,1,2,0,2023-03-10
234,302,15,1,4,0,2023-03-10
215,200,11,0,0,0,2023-03-10
248,236,18,0,3,0,2023-03-10
336,236,21,0,0,0,2023-03-17
361,256,28,0,5,0,2023-03-17
231,232,25,1,6,0,2023-03-17
160,233,9,0,1,0,2023-03-17
181,179,15,0,0,0,2023-03-17
226,150,33,1,1,0,2023-03-17
308,153,27,2,0,0,2023-03-17
440,188,35,1,2,0,2023-03-24
455,217,22,0,7,0,2023-03-24
345,277,27,0,3,0,2023-03-24
241,196,27,1,4,0,2023-03-24
252,174,16,1,2,0,2023-03-24
273,143,19,0,2,0,2023-03-24
285,145,28,1,3,0,2023-03-24
464,127,39,0,1,0,2023-03-31
543,222,42,0,4,0,2023-03-31
402,212,30,1,1,0,2023-03-31
363,203,27,1,2,0,2023-03-31
405,222,31,0,0,0,2023-03-31
608,173,40,0,1,0,2023-03-31
742,137,46,0,0,0,2023-03-31
1115,162,73,0,2,0,2023-04-07
712,150,49,1,3,0,2023-04-07
558,322,38,1,1,0,2023-04-07
475,227,30,1,3,0,2023-04-07
319,229,20,0,1,0,2023-04-07
313,180,9,0,2,0,2023-04-07
324,181,18,0,1,0,2023-04-07
540,144,32,1,3,0,2023-04-14
608,165,46,0,2,0,2023-04-14
377,216,32,2,0,0,2023-04-14
208,214,9,0,1,0,2023-04-14
280,241,24,0,4,0,2023-04-14
273,207,13,0,1,0,2023-04-14
314,146,16,0,2,0,2023-04-14
520,183,28,0,1,0,2023-04-21
681,177,24,0,4,0,2023-04-21
413,189,27,1,1,0,2023-04-21
221,222,19,2,1,0,2023-04-21
210,284,34,0,2,0,2023-04-21
274,293,27,0,2,0,2023-04-21
279,204,14,0,1,0,2023-04-21
396,196,32,0,3,0,2023-04-28
473,192,27,0,2,0,2023-04-28
372,315,28,1,0,0,2023-04-28
245,245,18,1,4,0,2023-04-28
267,249,26,1,0,0,2023-04-28
323,202,19,0,2,0,2023-04-28
399,223,31,0,3,0,2023-04-28
568,239,32,1,0,0,2023-05-05
592,252,41,0,2,0,2023-05-05
434,364,27,0,2,0,2023-05-05
252,288,22,1,2,0,2023-05-05
294,235,21,0,1,0,2023-05-05
275,353,14,3,1,0,2023-05-05
245,215,19,1,0,0,2023-05-05
340,186,25,0,0,0,2023-05-12
413,225,30,0,4,0,2023-05-12
276,292,11,0,7,0,2023-05-12
203,272,16,1,5,2,2023-05-12
247,228,22,1,5,0,2023-05-12
272,194,21,0,0,0,2023-05-12
317,228,25,1,0,0,2023-05-12
483,219,31,0,4,0,2023-05-19
603,219,36,0,4,0,2023-05-19
482,262,33,0,0,0,2023-05-19
401,281,25,2,4,0,2023-05-19
208,240,15,0,3,0,2023-05-19
215,172,18,2,1,0,2023-05-19
286,207,21,1,1,0,2023-05-19
424,251,22,0,1,0,2023-05-26
464,228,35,0,1,0,2023-05-26
323,257,18,0,0,0,2023-05-26
246,266,22,1,3,0,2023-05-26
257,212,16,1,3,0,2023-05-26
330,126,16,0,0,0,2023-05-26
504,210,32,2,3,0,2023-05-26
681,181,41,0,4,0,2023-06-02
714,198,32,0,3,0,2023-06-02
521,260,30,0,2,0,2023-06-02
356,275,19,2,2,0,2023-06-02
391,271,32,0,2,0,2023-06-02
367,266,25,0,7,0,2023-06-02
363,172,19,1,1,0,2023-06-02
609,345,38,1,4,0,2023-06-09
663,206,34,2,2,0,2023-06-09
510,206,23,0,3,0,2023-06-09
299,186,29,1,3,0,2023-06-09
307,172,28,1,3,0,2023-06-09
351,172,19,0,1,0,2023-06-09
401,203,21,1,5,0,2023-06-09
561,218,26,0,4,0,2023-06-16
598,191,46,0,3,0,2023-06-16
439,212,31,1,6,0,2023-06-16
249,257,31,2,6,0,2023-06-16
306,287,22,0,5,0,2023-06-16
290,290,21,0,5,0,2023-06-16
262,241,17,0,2,0,2023-06-16
380,177,25,0,3,0,2023-06-23
502,163,24,0,1,0,2023-06-23
333,218,34,0,4,0,2023-06-23
276,270,19,1,6,0,2023-06-23
314,251,22,0,0,0,2023-06-23
283,212,29,0,1,0,2023-06-23
358,224,21,0,3,0,2023-06-23
465,294,37,1,3,0,2023-06-30
526,245,29,0,3,0,2023-06-30
559,276,32,0,4,0,2023-06-30
443,295,39,1,0,0,2023-06-30
391,249,25,0,2,0,2023-06-30
336,234,25,0,0,0,2023-06-30
396,252,22,0,1,0,2023-06-30
467,232,34,0,1,0,2023-07-07
482,203,36,0,2,0,2023-07-07
421,245,31,1,1,0,2023-07-07
406,433,39,0,1,0,2023-07-07
452,223,28,1,1,0,2023-07-07
489,208,21,0,2,0,2023-07-07
484,214,32,0,2,0,2023-07-07
643,236,23,1,1,0,2023-07-14
741,210,48,1,2,0,2023-07-14
635,264,45,1,3,0,2023-07-14
551,225,33,1,2,0,2023-07-14
580,225,42,0,1,0,2023-07-14
730,229,36,3,3,0,2023-07-14
863,203,52,0,5,0,2023-07-14
1254,232,71,0,2,0,2023-07-21
1216,214,60,1,1,0,2023-07-21
1038,217,51,0,4,0,2023-07-21
907,241,53,2,4,0,2023-07-21
871,194,47,0,3,0,2023-07-21
897,235,37,2,4,0,2023-07-21
826,198,39,0,1,0,2023-07-21
1001,182,47,0,1,0,2023-07-28
941,199,70,2,4,0,2023-07-28
679,240,39,0,0,0,2023-07-28
601,119,21,0,1,0,2023-07-28
614,286,40,0,4,0,2023-07-28
617,293,37,1,3,0,2023-07-28
589,277,29,0,4,0,2023-07-28
743,241,40,0,3,0,2023-08-04
726,271,42,0,2,0,2023-08-04
714,238,46,0,2,0,2023-08-04
630,262,49,1,3,0,2023-08-04
438,217,30,0,4,1,2023-08-04
456,387,27,4,4,0,2023-08-04
474,287,29,0,1,0,2023-08-04
544,257,36,0,2,0,2023-08-11
600,273,38,0,1,0,2023-08-11
409,254,25,0,5,0,2023-08-11
343,271,25,2,0,0,2023-08-11
333,363,22,1,0,0,2023-08-11
309,357,19,0,1,0,2023-08-11
343,352,21,2,2,0,2023-08-11
432,325,33,0,5,0,2023-08-18
429,373,30,0,1,0,2023-08-18
352,369,19,0,0,0,2023-08-18
231,478,19,1,0,0,2023-08-18
329,442,23,0,4,0,2023-08-18
442,379,25,1,1,0,2023-08-18
355,389,21,1,1,0,2023-08-18
404,376,21,1,2,0,2023-08-25
325,443,29,1,0,0,2023-08-25
286,369,21,0,3,0,2023-08-25
167,420,16,2,0,0,2023-08-25
209,422,10,0,1,0,2023-08-25
187,350,17,2,4,0,2023-08-25
472,273,36,3,2,0,2023-08-25
377,332,32,3,3,0,2023-09-01
313,361,18,4,3,0,2023-09-01
287,363,21,0,2,0,2023-09-01
239,432,23,3,1,0,2023-09-01
201,412,10,2,5,0,2023-09-01
221,390,18,0,2,0,2023-09-01
348,364,17,3,0,0,2023-09-01
427,324,21,3,1,0,2023-09-08
431,467,21,4,2,0,2023-09-08
291,338,22,4,0,0,2023-09-08
169,370,13,3,3,0,2023-09-08
178,376,13,3,2,0,2023-09-08
169,330,12,6,2,0,2023-09-08
210,253,4,10,2,0,2023-09-08
391,346,47,3,1,0,2023-09-15
376,359,35,10,0,0,2023-09-15
221,338,26,10,1,0,2023-09-15
151,352,12,14,2,0,2023-09-15
178,340,21,10,4,0,2023-09-15
228,364,12,8,1,0,2023-09-15
219,345,18,5,1,0,2023-09-15
238,314,14,5,0,0,2023-09-22
253,365,23,10,0,0,2023-09-22
185,349,12,9,2,0,2023-09-22
129,334,12,7,0,0,2023-09-22
166,329,14,17,0,0,2023-09-22
207,263,16,7,2,0,2023-09-22
233,290,9,9,2,0,2023-09-22
409,281,26,11,2,0,2023-09-29
445,441,19,15,0,0,2023-09-29
275,326,26,7,1,0,2023-09-29
236,306,20,9,1,0,2023-09-29
175,296,20,10,1,0,2023-09-29
185,286,17,9,1,0,2023-09-29
247,289,10,11,0,0,2023-09-29
320,327,27,8,1,0,2023-10-06
372,304,28,10,0,0,2023-10-06
330,298,13,17,1,0,2023-10-06
278,300,18,10,3,0,2023-10-06
159,315,18,33,3,0,2023-10-06
167,262,13,15,1,0,2023-10-06
231,258,14,11,1,0,2023-10-06
308,242,16,9,4,0,2023-10-13
370,290,23,18,0,0,2023-10-13
238,240,21,19,1,0,2023-10-13
161,297,8,7,0,0,2023-10-13
193,237,18,6,1,0,2023-10-13
200,222,15,9,0,0,2023-10-13
243,256,17,8,1,0,2023-10-13
343,242,27,6,0,0,2023-10-20
378,261,26,15,1,0,2023-10-20
250,296,19,13,4,0,2023-10-20
174,276,9,5,0,0,2023-10-20
212,235,14,13,0,0,2023-10-20
230,239,16,12,0,0,2023-10-20
289,288,13,18,0,0,2023-10-20
386,251,15,10,2,0,2023-10-27
362,253,21,6,0,0,2023-10-27
249,261,14,13,0,0,2023-10-27
117,262,5,17,1,0,2023-10-27
133,209,9,8,3,0,2023-10-27
188,272,15,12,1,0,2023-10-27
198,290,9,11,1,0,2023-10-27
274,273,12,7,1,0,2023-11-03
332,255,22,17,2,0,2023-11-03
222,256,14,21,4,0,2023-11-03
125,274,8,14,0,0,2023-11-03
167,297,23,9,0,0,2023-11-03
213,270,12,15,2,0,2023-11-03
275,363,16,13,0,0,2023-11-03
391,237,29,8,3,1,2023-11-10
468,237,20,11,4,2,2023-11-10
324,236,20,11,1,0,2023-11-10
251,241,22,10,1,1,2023-11-10
202,229,13,8,0,1,2023-11-10
200,268,13,8,1,2,2023-11-10
283,292,16,10,9,1,2023-11-10
450,233,31,4,0,1,2023-11-17
502,230,27,10,0,1,2023-11-17
339,279,20,9,1,0,2023-11-17
222,284,12,10,0,1,2023-11-17
218,319,14,9,0,2,2023-11-17
251,264,10,9,4,2,2023-11-17
264,242,24,11,5,17,2023-11-17
412,247,441,21,48,18,2023-11-24
400,263,174,27,38,40,2023-11-24
337,323,451,37,56,68,2023-11-24
159,260,219,54,42,41,2023-11-24
260,257,39,37,23,32,2023-11-24
275,273,24,14,13,54,2023-11-24
338,327,24,10,9,20,2023-11-24
553,252,29,8,11,6,2023-12-01
530,278,30,13,9,15,2023-12-01
379,261,34,17,13,11,2023-12-01
246,272,17,11,6,14,2023-12-01
241,266,16,7,8,13,2023-12-01
299,255,17,11,10,14,2023-12-01
324,272,32,6,7,9,2023-12-01
580,281,66,30,14,5,2023-12-08
499,286,38,27,10,4,2023-12-08
599,373,78,28,9,3,2023-12-08
221,327,23,33,7,10,2023-12-08
330,291,41,22,8,5,2023-12-08
337,273,36,18,9,10,2023-12-08
320,313,57,42,16,9,2023-12-08
433,236,121,8,22,8,2023-12-15
472,262,95,16,29,19,2023-12-15
351,285,54,12,19,12,2023-12-15
217,294,57,15,13,20,2023-12-15
267,287,54,9,17,12,2023-12-15
324,287,47,15,22,11,2023-12-15
460,263,58,16,25,15,2023-12-15
513,267,104,20,33,15,2023-12-22
501,291,109,26,36,13,2023-12-22
438,289,86,18,37,10,2023-12-22
524,253,118,19,141,21,2023-12-22
508,310,189,135,145,103,2023-12-22
545,217,158,33,78,97,2023-12-22
478,264,115,20,71,53,2023-12-22
568,255,117,15,70,34,2023-12-29
514,244,149,18,70,25,2023-12-29
326,146,156,13,55,26,2023-12-29
467,347,88,17,39,19,2023-12-29
375,344,39,12,42,26,2023-12-29
342,285,36,15,23,34,2023-12-29
401,266,40,10,23,19,2023-12-29
489,251,52,20,25,12,2024-01-05
507,266,47,11,25,14,2024-01-05
294,307,34,9,16,12,2024-01-05
153,354,18,22,7,14,2024-01-05
151,401,25,84,13,20,2024-01-05
233,363,25,23,10,15,2024-01-05
246,257,23,13,11,1,2024-01-05
355,254,36,9,9,9,2024-01-12
428,278,44,10,23,12,2024-01-12
313,251,29,6,19,8,2024-01-12
144,314,14,15,9,16,2024-01-12
167,368,23,21,5,11,2024-01-12
189,289,18,8,8,0,2024-01-12
247,272,15,12,11,9,2024-01-12
431,285,31,12,36,10,2024-01-19
440,305,38,10,16,12,2024-01-19
278,340,29,14,11,3,2024-01-19
125,377,14,10,14,9,2024-01-19
171,359,18,6,11,8,2024-01-19
200,337,28,8,4,9,2024-01-19
292,353,19,12,9,3,2024-01-19
433,397,43,19,22,9,2024-01-26
468,318,31,24,20,14,2024-01-26
334,330,23,16,9,8,2024-01-26
193,351,18,9,7,8,2024-01-26
191,304,20,11,11,10,2024-01-26
189,242,25,12,4,3,2024-01-26
268,380,19,12,7,7,2024-01-26
356,317,31,13,6,12,2024-02-02
397,309,34,13,3,2,2024-02-02
190,314,26,10,10,8,2024-02-02
135,320,10,5,5,3,2024-02-02
176,330,14,6,4,5,2024-02-02
180,278,12,5,6,0,2024-02-02
186,237,19,4,7,4,2024-02-02
275,318,20,14,4,1,2024-02-09
454,291,31,10,6,2,2024-02-09
250,241,10,15,4,4,2024-02-09
189,283,15,10,1,5,2024-02-09
264,285,27,4,6,4,2024-02-09
330,248,30,9,6,6,2024-02-09
248,260,17,4,7,8,2024-02-09
359,268,24,14,14,3,2024-02-16
450,252,39,11,8,2,2024-02-16
415,277,19,8,9,7,2024-02-16
318,283,19,8,6,8,2024-02-16
200,339,16,5,9,4,2024-02-16
212,267,13,6,2,1,2024-02-16
211,221,15,5,2,3,2024-02-16
248,273,26,7,8,4,2024-02-23
332,246,19,5,3,8,2024-02-23
210,298,18,4,7,3,2024-02-23
206,367,12,2,4,5,2024-02-23
227,282,18,3,3,4,2024-02-23
270,271,20,11,6,3,2024-02-23
392,497,23,7,4,0,2024-02-23
587,265,34,13,4,2,2024-03-01
613,273,44,13,7,3,2024-03-01
429,282,36,12,3,0,2024-03-01
366,241,25,6,3,8,2024-03-01
445,232,26,8,11,2,2024-03-01
515,234,31,4,6,3,2024-03-01
491,251,25,5,6,1,2024-03-01
748,226,28,7,6,2,2024-03-08
914,239,47,15,2,1,2024-03-08
616,310,28,9,9,1,2024-03-08
390,304,29,4,5,5,2024-03-08
407,248,21,9,7,5,2024-03-08
406,251,22,12,3,2,2024-03-08
409,371,20,1,5,4,2024-03-08
486,236,23,7,7,0,2024-03-15
594,266,32,7,4,3,2024-03-15
320,290,21,8,7,0,2024-03-15
201,284,14,6,1,5,2024-03-15
271,251,25,9,4,6,2024-03-15
321,250,22,6,5,1,2024-03-15
309,225,13,4,3,0,2024-03-15
457,212,31,5,1,1,2024-03-22
568,229,40,7,8,0,2024-03-22
350,259,24,15,4,2,2024-03-22
258,232,24,4,2,7,2024-03-22
290,278,21,11,7,3,2024-03-22
315,248,27,9,1,3,2024-03-22
485,287,20,2,3,2,2024-03-22
752,246,48,7,8,2,2024-03-29
496,196,32,5,3,2,2024-03-29
385,149,19,12,2,2,2024-03-29
281,363,17,16,2,3,2024-03-29
202,378,20,8,3,1,2024-03-29
191,301,12,9,4,1,2024-03-29
206,278,22,8,2,0,2024-03-29
413,328,19,18,1,1,2024-04-05
445,342,29,13,3,0,2024-04-05
299,343,22,16,3,2,2024-04-05
158,376,11,11,0,3,2024-04-05
177,519,16,11,2,1,2024-04-05
198,389,12,6,2,3,2024-04-05
224,286,26,8,3,1,2024-04-05
383,288,30,7,2,2,2024-04-12
435,313,37,7,5,1,2024-04-12
297,273,24,14,5,3,2024-04-12
151,341,12,17,8,1,2024-04-12
180,392,13,15,0,0,2024-04-12
171,291,20,10,1,1,2024-04-12
177,242,16,13,1,4,2024-04-12
335,279,23,13,0,1,2024-04-19
416,291,28,12,3,2,2024-04-19
264,282,14,9,1,1,2024-04-19
141,343,13,20,0,2,2024-04-19
196,341,17,10,1,1,2024-04-19
182,294,12,10,0,1,2024-04-19
215,278,18,12,2,2,2024-04-19
296,280,15,10,2,2,2024-04-26
368,282,26,5,5,1,2024-04-26
268,303,18,12,5,3,2024-04-26
184,398,17,7,0,2,2024-04-26
202,472,15,12,5,0,2024-04-26
227,302,15,11,6,4,2024-04-26
236,277,19,7,1,0,2024-04-26
345,268,25,9,2,2,2024-05-03
397,230,25,13,2,1,2024-05-03
312,310,24,9,6,0,2024-05-03
179,325,14,19,0,2,2024-05-03
232,287,19,9,1,1,2024-05-03
203,274,24,14,4,2,2024-05-03
249,297,79,10,26,1,2024-05-03
345,343,89,12,20,1,2024-05-10
445,264,117,9,49,0,2024-05-10
271,321,122,15,76,0,2024-05-10
187,336,60,14,32,4,2024-05-10
228,359,32,5,20,7,2024-05-10
221,233,20,4,12,5,2024-05-10
222,308,32,10,7,6,2024-05-10
469,226,44,5,11,0,2024-05-17
506,219,37,12,9,0,2024-05-17
450,273,31,7,7,4,2024-05-17
411,264,46,17,5,4,2024-05-17
234,220,18,7,1,0,2024-05-17
230,228,19,8,6,5,2024-05-17
264,260,26,11,7,2,2024-05-17
420,265,41,8,2,1,2024-05-24
527,241,33,10,6,1,2024-05-24
372,266,32,9,4,1,2024-05-24
198,263,21,12,4,1,2024-05-24
240,272,30,5,3,1,2024-05-24
196,283,16,6,3,2,2024-05-24
200,213,23,9,7,3,2024-05-24
318,142,28,8,4,0,2024-05-31
382,229,33,11,4,3,2024-05-31
325,255,39,13,3,5,2024-05-31
179,265,10,14,5,2,2024-05-31
194,265,23,6,8,2,2024-05-31
200,267,14,7,1,2,2024-05-31
211,254,18,7,1,2,2024-05-31
364,260,34,16,2,7,2024-06-07
401,244,33,5,2,1,2024-06-07
273,323,26,13,6,4,2024-06-07
199,299,19,12,5,2,2024-06-07
253,273,17,12,2,3,2024-06-07
221,264,40,10,28,3,2024-06-07
315,253,52,13,15,4,2024-06-07
623,188,82,8,19,0,2024-06-14
715,255,94,7,45,5,2024-06-14
547,292,95,16,79,4,2024-06-14
306,272,27,17,29,4,2024-06-14
354,269,31,8,11,6,2024-06-14
339,290,23,15,12,7,2024-06-14
357,280,29,7,1,6,2024-06-14
565,272,34,6,11,4,2024-06-21
652,225,38,6,9,1,2024-06-21
532,238,37,9,13,3,2024-06-21
275,280,27,9,5,1,2024-06-21
371,296,25,11,4,4,2024-06-21
452,298,30,22,8,7,2024-06-21
582,239,40,15,9,0,2024-06-21
705,254,27,15,7,1,2024-06-28
823,240,54,15,10,3,2024-06-28
711,311,29,13,9,3,2024-06-28
552,283,41,16,2,3,2024-06-28
449,290,27,17,7,4,2024-06-28
548,246,40,11,3,0,2024-06-28
558,221,33,9,4,1,2024-06-28
720,250,40,11,4,0,2024-07-05
712,224,46,9,5,1,2024-07-05
514,255,29,10,4,1,2024-07-05
399,276,29,10,5,2,2024-07-05
405,230,41,7,4,1,2024-07-05
455,306,31,22,8,1,2024-07-05
404,267,41,23,3,2,2024-07-05
472,259,35,12,1,1,2024-07-12
504,256,31,10,7,2,2024-07-12
370,361,37,15,6,1,2024-07-12
339,351,28,20,5,2,2024-07-12
420,317,26,17,3,3,2024-07-12
359,256,23,20,4,2,2024-07-12
445,271,34,15,6,1,2024-07-12
559,279,32,13,4,3,2024-07-19
708,263,50,16,4,4,2024-07-19
520,318,38,29,5,2,2024-07-19
496,339,30,20,4,1,2024-07-19
605,314,38,15,3,3,2024-07-19
667,237,39,24,7,4,2024-07-19
905,261,52,20,7,4,2024-07-19
1093,344,66,14,4,3,2024-07-26
886,332,61,20,4,1,2024-07-26
876,352,59,18,5,1,2024-07-26
705,386,44,17,5,4,2024-07-26
683,348,55,15,6,0,2024-07-26
696,127,40,3,4,2,2024-07-26
706,337,65,14,5,3,2024-07-26
883,295,63,11,1,3,2024-08-02
863,317,52,16,7,4,2024-08-02
757,348,49,19,4,3,2024-08-02
774,338,46,17,3,2,2024-08-02
498,360,45,21,2,2,2024-08-02
437,320,29,20,2,3,2024-08-02
534,287,47,14,1,5,2024-08-02
682,327,60,14,7,4,2024-08-09
652,297,45,13,4,1,2024-08-09
547,286,41,20,2,2,2024-08-09
409,329,36,26,3,1,2024-08-09
440,338,33,15,2,4,2024-08-09
476,249,23,9,3,0,2024-08-09
547,283,39,4,5,0,2024-08-09
805,313,63,11,6,2,2024-08-16
823,315,52,11,2,2,2024-08-16
685,303,43,13,2,5,2024-08-16
444,337,36,12,3,1,2024-08-16
492,415,43,12,3,0,2024-08-16
392,350,41,13,2,0,2024-08-16
381,338,29,13,1,4,2024-08-16
484,368,25,14,2,1,2024-08-23
492,395,37,4,4,1,2024-08-23
357,489,35,18,5,2,2024-08-23
244,575,20,16,3,0,2024-08-23
273,485,18,11,6,3,2024-08-23
249,493,20,12,2,0,2024-08-23
248,466,32,8,1,1,2024-08-23
344,384,26,8,5,4,2024-08-30
428,325,30,6,2,2,2024-08-30
444,448,53,15,1,3,2024-08-30
365,524,33,14,2,3,2024-08-30
187,503,21,6,1,2,2024-08-30
237,435,16,6,3,1,2024-08-30
284,469,24,9,2,5,2024-08-30
455,379,39,10,1,1,2024-09-06
520,329,55,12,4,1,2024-09-06
337,371,29,15,5,0,2024-09-06
203,512,26,16,2,2,2024-09-06
213,428,18,10,2,0,2024-09-06
207,375,14,14,0,3,2024-09-06
256,357,26,6,3,2,2024-09-06
405,341,32,10,4,2,2024-09-13
478,333,35,10,3,2,2024-09-13
344,413,20,14,5,1,2024-09-13
158,460,15,10,0,0,2024-09-13
195,460,7,24,2,1,2024-09-13
213,426,20,10,3,2,2024-09-13
356,375,40,6,3,4,2024-09-13
429,394,54,11,1,2,2024-09-20
533,331,48,6,3,1,2024-09-20
297,357,33,14,2,1,2024-09-20
189,388,27,14,5,0,2024-09-20
241,384,33,10,0,2,2024-09-20
289,369,27,8,3,0,2024-09-20
292,349,29,25,2,0,2024-09-20
463,362,32,11,5,2,2024-09-27
598,364,38,8,2,2,2024-09-27
413,335,35,19,4,2,2024-09-27
311,574,22,21,2,1,2024-09-27
286,390,27,17,4,1,2024-09-27
262,357,25,12,5,1,2024-09-27
299,300,19,15,2,2,2024-09-27
435,320,35,15,5,1,2024-10-04
468,353,34,11,0,0,2024-10-04
342,339,29,20,3,1,2024-10-04
188,329,19,21,4,0,2024-10-04
221,285,21,18,5,1,2024-10-04
218,304,14,17,2,3,2024-10-04
247,361,25,30,3,3,2024-10-04
423,293,28,24,1,1,2024-10-11
465,286,28,10,3,1,2024-10-11
411,283,25,19,1,3,2024-10-11
401,396,22,20,4,0,2024-10-11
185,311,18,16,1,1,2024-10-11
213,320,11,22,1,0,2024-10-11
249,293,23,25,6,1,2024-10-11
383,298,33,6,3,0,2024-10-18
469,300,31,10,4,1,2024-10-18
311,321,30,15,1,0,2024-10-18
177,376,27,21,1,1,2024-10-18
222,300,12,12,1,4,2024-10-18
244,279,25,16,2,0,2024-10-18
327,282,21,14,4,0,2024-10-18
425,307,30,22,1,0,2024-10-25
511,314,34,16,4,0,2024-10-25
364,338,30,16,3,2,2024-10-25
205,394,20,16,5,0,2024-10-25
258,301,17,15,1,1,2024-10-25
214,290,28,5,2,0,2024-10-25
259,189,21,8,0,3,2024-10-25
510,267,21,6,2,2,2024-11-01
625,301,51,10,4,1,2024-11-01
382,319,31,17,1,1,2024-11-01
197,349,24,19,1,2,2024-11-01
232,338,13,13,2,4,2024-11-01
203,307,22,18,2,0,2024-11-01
293,299,26,11,1,1,2024-11-01
386,266,26,13,2,1,2024-11-08
570,362,34,24,4,0,2024-11-08
455,327,48,14,2,3,2024-11-08
262,345,20,17,2,4,2024-11-08
227,346,11,15,1,1,2024-11-08
253,340,21,18,2,1,2024-11-08
271,303,17,11,1,0,2024-11-08
388,313,30,10,4,0,2024-11-15
486,295,42,14,3,9,2024-11-15
366,281,29,18,1,0,2024-11-15
232,330,19,20,1,0,2024-11-15
329,334,20,15,0,2,2024-11-15
384,333,31,11,1,0,2024-11-15
456,293,30,11,2,0,2024-11-15
709,257,56,14,2,4,2024-11-22
764,283,59,18,5,4,2024-11-22
576,318,61,121,5,50,2024-11-22
396,309,31,62,5,45,2024-11-22
455,359,30,128,8,61,2024-11-22
574,354,42,97,3,48,2024-11-22
491,334,57,21,6,22,2024-11-22
722,332,1529,29,78,14,2024-11-29
683,469,824,37,68,8,2024-11-29
449,404,931,37,88,14,2024-11-29
293,470,1847,31,143,9,2024-11-29
368,355,265,31,81,14,2024-11-29
442,338,117,22,35,8,2024-11-29
489,341,98,25,36,8,2024-11-29
611,341,143,21,34,8,2024-12-06
658,299,133,23,31,9,2024-12-06
404,327,106,87,28,11,2024-12-06
275,415,81,52,14,11,2024-12-06
356,521,126,82,37,9,2024-12-06
355,342,123,63,27,7,2024-12-06
322,345,108,34,26,5,2024-12-06
456,322,156,36,29,9,2024-12-13
562,446,209,37,29,14,2024-12-13
355,359,173,51,29,20,2024-12-13
229,440,96,58,33,22,2024-12-13
294,363,105,38,25,17,2024-12-13
332,312,110,38,35,12,2024-12-13
362,319,137,28,40,16,2024-12-13
466,340,159,30,40,20,2024-12-20
480,356,165,38,54,21,2024-12-20
443,419,153,59,52,28,2024-12-20
379,419,123,44,53,35,2024-12-20
366,338,145,72,75,39,2024-12-20
611,364,235,58,333,142,2024-12-20
668,419,281,162,236,128,2024-12-20
557,374,270,77,149,78,2024-12-27
653,343,297,80,146,64,2024-12-27
532,387,289,72,115,67,2024-12-27
484,363,304,63,91,68,2024-12-27
295,195,426,81,80,48,2024-12-27
582,361,188,60,123,35,2024-12-27
504,322,73,35,85,38,2024-12-27
616,356,97,31,76,23,2025-01-03
605,402,74,33,48,23,2025-01-03
353,439,48,44,47,25,2025-01-03
169,405,35,48,43,22,2025-01-03
212,422,36,37,43,17,2025-01-03
232,353,39,40,38,9,2025-01-03
263,403,39,96,42,14,2025-01-03
377,408,63,60,48,9,2025-01-10
446,378,50,38,42,9,2025-01-10
289,335,39,30,35,8,2025-01-10
149,397,23,45,26,21,2025-01-10
196,410,35,39,22,21,2025-01-10
191,348,15,35,18,8,2025-01-10
204,349,21,37,18,5,2025-01-10
374,344,33,23,22,8,2025-01-17
414,298,51,23,25,11,2025-01-17
257,337,36,29,23,34,2025-01-17
127,423,12,23,13,17,2025-01-17
193,414,29,36,15,11,2025-01-17
188,382,15,21,24,13,2025-01-17
195,380,15,16,15,8,2025-01-17
294,385,32,16,22,3,2025-01-24
398,492,44,17,27,8,2025-01-24
233,514,28,30,22,21,2025-01-24
142,444,17,20,13,14,2025-01-24
222,479,19,27,22,10,2025-01-24
270,395,23,20,16,5,2025-01-24
281,415,19,15,15,12,2025-01-24
448,251,44,18,18,4,2025-01-31
559,403,61,18,22,4,2025-01-31
336,413,34,16,17,6,2025-01-31
149,427,13,25,11,4,2025-01-31
200,394,15,26,8,9,2025-01-31
231,324,19,15,19,5,2025-01-31
263,307,25,17,12,4,2025-01-31
332,298,26,13,10,5,2025-02-07
347,344,43,8,11,7,2025-02-07
223,364,24,20,17,5,2025-02-07
250,357,20,15,8,5,2025-02-07
587,360,22,13,14,2,2025-02-07
555,297,38,16,11,2,2025-02-07
698,290,39,16,12,6,2025-02-07
883,228,39,7,12,7,2025-02-14
825,316,54,15,18,5,2025-02-14
692,293,35,12,19,13,2025-02-14
643,314,47,25,14,7,2025-02-14
368,320,28,19,7,8,2025-02-14
471,327,17,17,6,7,2025-02-14
388,280,21,12,3,7,2025-02-14
543,318,31,8,11,1,2025-02-21
559,291,36,10,11,2,2025-02-21
387,330,22,15,13,7,2025-02-21
160,306,22,18,8,3,2025-02-21
219,336,24,10,5,6,2025-02-21
234,354,14,7,9,5,2025-02-21
202,308,14,9,6,2,2025-02-21
329,993,22,18,13,10,2025-02-28
402,422,25,13,11,4,2025-02-28
255,338,20,14,10,7,2025-02-28
163,251,11,20,4,2,2025-02-28
201,316,18,11,3,4,2025-02-28
201,302,16,17,8,10,2025-02-28
245,304,16,15,5,4,2025-02-28
388,295,33,10,13,4,2025-03-07
428,294,28,10,10,6,2025-03-07
289,252,26,16,9,3,2025-03-07
226,323,17,6,9,8,2025-03-07
265,492,21,20,10,6,2025-03-07
234,520,22,14,9,7,2025-03-07
227,464,19,15,12,2,2025-03-07
368,759,21,19,4,4,2025-03-14
438,474,44,15,8,6,2025-03-14
257,468,17,21,5,4,2025-03-14
139,418,11,22,4,6,2025-03-14
185,322,15,14,5,1,2025-03-14
185,406,14,15,5,4,2025-03-14
223,337,16,11,3,4,2025-03-14
316,404,30,9,8,3,2025-03-21
426,426,19,16,8,1,2025-03-21
284,333,25,23,5,6,2025-03-21
120,269,13,14,1,4,2025-03-21
180,273,20,21,3,2,2025-03-21
182,347,20,16,3,7,2025-03-21
224,305,21,12,5,2,2025-03-21
310,354,26,13,7,2,2025-03-28
424,253,31,12,8,8,2025-03-28
345,221,27,17,7,4,2025-03-28
237,213,18,11,3,2,2025-03-28
296,412,31,15,4,1,2025-03-28
292,338,23,12,4,2,2025-03-28
440,294,33,11,7,5,2025-03-28
739,297,63,9,11,2,2025-04-04
893,295,44,13,13,1,2025-04-04
520,284,47,20,11,3,2025-04-04
261,301,14,17,7,3,2025-04-04
342,343,18,17,3,0,2025-04-04
325,328,25,11,6,2,2025-04-04
336,268,30,13,3,1,2025-04-04
606,360,44,12,9,3,2025-04-11
653,349,56,11,12,2,2025-04-11
355,320,25,21,4,5,2025-04-11
226,383,16,21,3,4,2025-04-11
289,377,24,15,7,9,2025-04-11
294,345,16,17,8,0,2025-04-11
418,330,39,8,8,1,2025-04-11
780,280,42,23,13,1,2025-04-18
511,311,38,14,7,0,2025-04-18
492,266,27,18,6,3,2025-04-18
316,381,36,19,10,1,2025-04-18
263,355,15,9,4,0,2025-04-18
300,296,24,21,4,1,2025-04-18
338,259,27,8,4,0,2025-04-18
498,266,44,12,8,3,2025-04-25
589,271,44,17,2,1,2025-04-25
436,263,29,13,5,6,2025-04-25
286,331,32,14,5,4,2025-04-25
321,321,29,14,3,0,2025-04-25
362,403,31,24,2,5,2025-04-25
