title_id,title_name,week
35293,M3GAN,2023-01-06
36348,Plane,2023-01-13
36249,Missing,2023-01-20
36473,Infinity Pool,2023-01-27
35622,Knock at the Cabin,2023-02-03
36304,80 for Brady,2023-02-03
36250,Magic Mike's Last Dance,2023-02-10
35567,Titanic 25th Anniversary,2023-02-10
36515,Marlowe,2023-02-10
34595,Ant-Man and the Wasp: Quantumania,2023-02-17
35952,Cocaine Bear,2023-02-24
36495,Jesus Revolution,2023-02-24
36245,Katak the Brave Beluga,2023-02-24
36153,Creed III,2023-03-03
35431,65,2023-03-10
36438,Mummies,2023-03-10
35840,Scream VI,2023-03-10
33758,Shazam! Fury of the Gods,2023-03-17
35197,John Wick: Chapter 4,2023-03-24
23801,Dungeons & Dragons: Honor Among Thieves,2023-03-31
36580,Air: Courting a Legend,2023-03-31
22857,The Super Mario Bros. Movie,2023-03-31
35807,Renfield,2023-04-14
36106,The Pope's Exorcist,2023-04-14
36503,Mafia Mamma,2023-04-14
36477,"Blind Willow, Sleeping Woman",2023-04-21
36185,Evil Dead Rise,2023-04-21
36319,Chevalier ,2023-04-21
35554,Big George Foreman: The Miraculous Story of the Once and Future Heavyweight Champion of the World,2023-04-28
35777,"Are You There God? It's Me, Margaret",2023-04-28
36662,Fragile,2023-04-28
36364,Polite Society,2023-04-28
36613,SISU,2023-04-28
36575,The Three Musketeers : d'Artagnan (French w/est),2023-04-28
36537,The End Of Sex,2023-04-28
34596,Guardians of the Galaxy Vol. 3,2023-05-05
35922,Love Again,2023-05-05
36581,Blackberry,2023-05-12
36116,Book Club: The Next Chapter,2023-05-12
36692,Dark Nature,2023-05-19
35521,Fast X,2023-05-19
36497,About My Father,2023-05-26
36546,Mission Kandahar,2023-05-26
36484,The Machine,2023-05-26
36238,The Little Mermaid,2023-05-26
34498,Spider-Man: Across The Spider-Verse,2023-06-02
36557,Boogeyman,2023-06-02
34955,Transformers: Rise of the Beasts,2023-06-09
34644,The Flash,2023-06-16
34598,Elemental,2023-06-16
36092,No Hard Feelings,2023-06-23
36137,"Ruby Gillman, Teenage Kraken",2023-06-30
22104,Indiana Jones and the Dial of Destiny,2023-06-30
36107,Insidious: The Red Door,2023-07-07
36793,Joy Ride,2023-07-07
36479,Adventures in the Land of Asha (French w/est),2023-07-07
31451,Mission: Impossible Dead Reckoning - Part One,2023-07-07
35944,Barbie,2023-07-21
35474,Oppenheimer,2023-07-21
36675,Talk To Me,2023-07-28
36640,A Cat's Life - Rroû's Great Adventure (French w/est),2023-07-28
36653,Haunted Mansion,2023-07-28
35441,Teenage Mutant Ninja Turtles: Mutant Mayhem,2023-07-28
35320,MEG 2: The Trench,2023-08-04
35483,The Last Voyage of the Demeter,2023-08-11
35964,Toopy and Binoo: The Movie,2023-08-11
35296,Strays,2023-08-18
35720,Blue Beetle,2023-08-18
36956,Gran Turismo: Based on a True Story,2023-08-25
35928,The Equalizer 3,2023-09-01
36962,Zombie Town,2023-09-01
36186,The Nun 2,2023-09-08
36597,My Big Fat Greek Wedding 3,2023-09-08
36749,After Everything,2023-09-08
36320,A Haunting In Venice,2023-09-15
36500,Expend4bles,2023-09-22
36859,It Lives Inside,2023-09-22
36047,The Creator,2023-09-29
35974,Paw Patrol: The Mighty Movie,2023-09-29
36501,Saw X,2023-09-29
35495,The Exorcist: Believer,2023-10-06
36823,Butterfly Tale - Family Favourites,2023-10-13
36678,Killers of the Flower Moon,2023-10-20
36780,Freelance,2023-10-27
36688,Five Nights at Freddy's ,2023-10-27
36964,Priscilla,2023-11-03
24016,The Marvels,2023-11-10
36615,Journey To Bethlehem,2023-11-10
36237,Next Goal Wins,2023-11-17
35953,The Hunger Games: The Ballad of Songbirds and Snakes,2023-11-17
36681,Thanksgiving,2023-11-17
35666,Trolls Band Together,2023-11-17
36236,Wish,2023-11-17
36682,Napoleon,2023-11-17
36990,Dream Scenario,2023-11-24
37054,Silent Night,2023-12-01
37009,The Boy and the Heron,2023-12-08
36852,The Three Musketeers : Milady (French w/est),2023-12-15
35311,Wonka,2023-12-15
36965,The Iron Claw,2023-12-22
36736,Anyone But You,2023-12-22
33558,Aquaman And The Lost Kingdom,2023-12-22
22858,Migration,2023-12-22
36897,Ferrari,2023-12-22
36806,The Boys in the Boat,2023-12-22
35292,The Color Purple,2023-12-22
38095,South Asian Placeholder (2026),2023-12-29
35677,Night Swim,2024-01-05
37052,Mean Girls (2024),2024-01-12
36891,The Beekeeper,2024-01-12
36626,The Book of Clarence,2024-01-12
37281,I.S.S.,2024-01-19
36840,Argylle,2024-02-02
37097,Lisa Frankenstein,2024-02-09
35927,Madame Web,2024-02-09
35839,Bob Marley: One Love,2024-02-09
37263,Land of Bad,2024-02-16
37356,Laser attribute test Id,2024-02-16
36853,Kina & Yuk : renards de la banquise,2024-02-23
36670,Ordinary Angels,2024-02-23
35640,Dune: Part Two,2024-03-01
37205,Autumn and the Black Jaguar - Family Favourites,2024-03-01
37130,Echo à Delta ,2024-03-01
37137,Imaginary,2024-03-08
36155,Kung Fu Panda 4,2024-03-08
37346,Immaculate,2024-03-22
36065,Ghostbusters: Frozen Empire ,2024-03-22
36072,Godzilla x Kong: The New Empire,2024-03-29
36611,Monkey Man,2024-04-05
37133,The First Omen,2024-04-05
37254,Civil War,2024-04-12
37258,Abigail,2024-04-19
37292,Irena's vow,2024-04-19
37518,TEST FILM ID A,2024-04-19
37353,Spy X Family Code: White,2024-04-19
37330,Boy Kills World,2024-04-26
36669,Challengers,2024-04-26
37486,Test film id - UAT sync 03/04/2024,2024-04-26
36777,Tarot,2024-05-03
36154,The Fall Guy,2024-05-03
37562,Not Another Church Movie,2024-05-10
36322,Kingdom of the Planet of the Apes,2024-05-10
35397,IF,2024-05-17
37252,Back to Black,2024-05-17
37305,The Strangers: Chapter 1,2024-05-17
36131,The Garfield Movie,2024-05-24
35290,Furiosa: A Mad Max Saga,2024-05-24
36907,Bad Boys: Ride or Die,2024-06-07
36594,The Watchers,2024-06-07
36233,Inside Out 2,2024-06-14
37582,The Exorcism,2024-06-21
36917,The Bikeriders,2024-06-21
37098,Horizon: An American Saga - Chapter 1,2024-06-28
35456,A Quiet Place: Day One,2024-06-28
35589,Despicable Me 4,2024-06-28
37580,Fly Me To The Moon,2024-07-12
37318,Longlegs,2024-07-12
36471,Twisters,2024-07-19
36278,Deadpool & Wolverine,2024-07-26
35555,Harold and the Purple Crayon ,2024-08-02
37222,Trap,2024-08-02
36886,It Ends With Us,2024-08-09
37139,Borderlands,2024-08-09
36824,Alien: Romulus,2024-08-16
37531,Blink Twice,2024-08-23
24020,The Crow,2024-08-23
4684,Twister,2024-08-30
36469,Afraid,2024-08-30
36766,Beetlejuice Beetlejuice,2024-09-06
37779,Deaner '89,2024-09-06
36715,Speak No Evil,2024-09-13
37953,Transformers One,2024-09-13
37865,TRANSFORMERS ONE: FAN EVENT,2024-09-13
37778,The Substance,2024-09-20
37722,Never Let Go,2024-09-20
37667,My Old Ass,2024-09-20
37695,Megalopolis,2024-09-27
36726,The Wild Robot,2024-09-27
36532,White Bird,2024-10-04
37791,Saturday Night,2024-10-04
35705,Joker: Folie à Deux (English),2024-10-04
37053,Smile 2,2024-10-18
36908,Venom: The Last Dance,2024-10-25
37821,Conclave,2024-10-25
37481,Here,2024-11-01
37682,Heretic,2024-11-08
37508,A Christmas Storm (French w/est),2024-11-08
37236,The Best Christmas Pageant Ever,2024-11-08
37532,Red One,2024-11-15
22303,Wicked,2024-11-22
36582,Gladiator II,2024-11-22
37135,Moana 2,2024-11-22
37968,TRAILER PARK BOYS PRESENTS: STANDING ON THE SHOULDERS OF KITTIES ,2024-12-06
35710,The Lord of the Rings: The War of the Rohirrim,2024-12-13
35432,Kraven The Hunter,2024-12-13
36234,Mufasa: The Lion King,2024-12-20
36149,Sonic The Hedgehog: 3,2024-12-20
37214,Nosferatu,2024-12-20
37816,A Complete Unknown,2024-12-20
37870,Babygirl,2024-12-20
37634,Den of Thieves 2: Pantera,2025-01-10
38021,One of Them Days,2025-01-17
38055,The Last Showgirl,2025-01-17
35587,Wolf Man,2025-01-17
37871,Presence,2025-01-24
37994,Saint-Exupéry,2025-01-24
37640,Flight Risk,2025-01-24
37340,Dog Man,2025-01-31
37600,Companion,2025-01-31
37442,Love Hurts,2025-02-07
37928,Heart Eyes,2025-02-07
36118,Captain America: Brave New World,2025-02-14
37112,Paddington in Peru,2025-02-14
38026,The Unbreakable Boy,2025-02-21
37901,The Monkey,2025-02-21
37683,Bambi : A Tale of Life in the Woods,2025-02-21
37349,Elli And Her Monster Team,2025-02-28
37714,Last Breath,2025-02-28
38188,Night of the Zoopocalypse,2025-02-28
36429,Mickey 17,2025-03-07
37942,Black Bag,2025-03-14
38288,The Day The Earth Blew Up: A Looney Tunes Movie,2025-03-14
37419,Novocaine,2025-03-14
36689,The Alto Knights,2025-03-21
36231,Disney's Snow White,2025-03-21
38171,Death of a Unicorn,2025-03-28
38057,A Working Man,2025-03-28
37601,The Woman in the Yard,2025-03-28
20866,A Minecraft Movie,2025-04-04
37602,Drop,2025-04-11
38301,Warfare,2025-04-11
36825,The Amateur,2025-04-11
38169,The King of Kings,2025-04-11
38364,Kaiju No. 8: Mission Recon,2025-04-11
38393,A Nice Indian Boy,2025-04-18
37459,Sinners,2025-04-18
38118,The Accountant 2,2025-04-25
37996,Until Dawn,2025-04-25
