cineplex_visits,recroom_visits,playdium_visits,week
589965,14068,3249,2022-12-30
571909,11830,3983,2022-12-30
524802,9708,3341,2022-12-30
398786,9381,3106,2022-12-30
399135,9210,3065,2022-12-30
521253,10848,3468,2023-01-06
560954,12562,4026,2023-01-06
375035,8307,2810,2023-01-06
271681,6231,1771,2023-01-06
335570,6245,1501,2023-01-06
268621,6480,1466,2023-01-06
278930,6941,1440,2023-01-06
427665,9466,1944,2023-01-13
504303,12125,3311,2023-01-13
347850,8887,2404,2023-01-13
290260,6691,1758,2023-01-13
350991,6762,1508,2023-01-13
287958,7001,1490,2023-01-13
307786,7280,1481,2023-01-13
414329,10027,2120,2023-01-20
481391,12740,3140,2023-01-20
359045,8744,2316,2023-01-20
269030,7235,1612,2023-01-20
342948,6762,1372,2023-01-20
348514,6617,1161,2023-01-20
398153,7458,1345,2023-01-20
532688,9980,1991,2023-01-27
625203,12775,3585,2023-01-27
422629,8972,2485,2023-01-27
288564,7115,1744,2023-01-27
339786,6305,1591,2023-01-27
331960,8561,2297,2023-01-27
299708,8424,2036,2023-01-27
417548,10069,2090,2023-02-03
528269,13582,3182,2023-02-03
374678,9531,2706,2023-02-03
255245,7237,1791,2023-02-03
303466,6925,1613,2023-02-03
260453,6876,1620,2023-02-03
272613,7622,1641,2023-02-03
442652,9587,2295,2023-02-10
490479,12214,3329,2023-02-10
325695,8673,2207,2023-02-10
317355,8439,1912,2023-02-10
384072,9128,1987,2023-02-10
285476,8070,1779,2023-02-10
376681,8913,1946,2023-02-10
555162,12427,2914,2023-02-17
618903,16516,4385,2023-02-17
558512,16055,4790,2023-02-17
531672,14484,4675,2023-02-17
341511,9167,2017,2023-02-17
261547,8239,1852,2023-02-17
266370,8940,1834,2023-02-17
438230,11648,2367,2023-02-24
509285,13560,3418,2023-02-24
345794,9706,2819,2023-02-24
247452,7393,1812,2023-02-24
299354,6348,1631,2023-02-24
279628,6158,1687,2023-02-24
288590,6516,1626,2023-02-24
411501,8145,1873,2023-03-03
487271,11204,2707,2023-03-03
364673,7668,2552,2023-03-03
268594,6194,1804,2023-03-03
321649,6130,1771,2023-03-03
281188,6283,1800,2023-03-03
319065,6915,2031,2023-03-03
505316,9135,2538,2023-03-10
580157,12481,3997,2023-03-10
433845,9354,3920,2023-03-10
420493,9367,4303,2023-03-10
468520,9053,4180,2023-03-10
347221,9202,4937,2023-03-10
356645,10398,4949,2023-03-10
462303,12766,4814,2023-03-17
507815,13424,4666,2023-03-17
349920,9990,3043,2023-03-17
242601,7408,1637,2023-03-17
291808,7370,1339,2023-03-17
250033,7159,1348,2023-03-17
319238,7860,1525,2023-03-17
495412,9757,1928,2023-03-24
589816,12640,3152,2023-03-24
411220,9509,2053,2023-03-24
289999,8305,1323,2023-03-24
351857,7870,1289,2023-03-24
285258,8279,1407,2023-03-24
309594,8721,1408,2023-03-24
468243,10403,1970,2023-03-31
540447,12267,3060,2023-03-31
385657,8432,2230,2023-03-31
334126,7838,1622,2023-03-31
407356,13101,1527,2023-03-31
484826,14313,1626,2023-03-31
609890,14202,1962,2023-03-31
934349,17703,2943,2023-04-07
702157,15994,2689,2023-04-07
583834,14315,2312,2023-04-07
465271,13618,1852,2023-04-07
389882,11803,1427,2023-04-07
285977,10876,1236,2023-04-07
302415,11869,1345,2023-04-07
436006,12416,1652,2023-04-14
542995,13635,2162,2023-04-14
372572,11007,1686,2023-04-14
265312,9936,1282,2023-04-14
321556,9405,1223,2023-04-14
274511,9510,1327,2023-04-14
294323,10072,1516,2023-04-14
478067,12844,2097,2023-04-21
603348,15168,2900,2023-04-21
446813,12905,2289,2023-04-21
274218,10662,1594,2023-04-21
342706,10258,1548,2023-04-21
322120,10630,1417,2023-04-21
334993,10483,1452,2023-04-21
473038,12444,1952,2023-04-28
579683,14562,2763,2023-04-28
443797,11773,2239,2023-04-28
306710,10404,1641,2023-04-28
353208,10066,1545,2023-04-28
303538,10070,1449,2023-04-28
368807,10310,1505,2023-04-28
532975,11256,1769,2023-05-05
586272,12839,2123,2023-05-05
453701,11329,2040,2023-05-05
309940,9335,1408,2023-05-05
375345,9224,1303,2023-05-05
273807,8975,1314,2023-05-05
277862,9338,1273,2023-05-05
357470,10128,1519,2023-05-12
435114,11043,1893,2023-05-12
324921,9751,1629,2023-05-12
259674,9092,1358,2023-05-12
337993,8864,1344,2023-05-12
277028,8788,1320,2023-05-12
335324,9120,1487,2023-05-12
515093,9905,1761,2023-05-19
649898,12250,2678,2023-05-19
554364,10924,2566,2023-05-19
451038,9838,2004,2023-05-19
355198,8314,1207,2023-05-19
287881,8047,1305,2023-05-19
308803,8107,1386,2023-05-19
453462,9331,1602,2023-05-26
489047,10201,1833,2023-05-26
372968,8461,1549,2023-05-26
307661,8227,1214,2023-05-26
367280,8354,1304,2023-05-26
308559,7995,1195,2023-05-26
410127,5938,1045,2023-05-26
634696,7907,1527,2023-06-02
713339,8823,2191,2023-06-02
535852,6941,1614,2023-06-02
389411,6906,1463,2023-06-02
492868,6857,1548,2023-06-02
359830,6349,1564,2023-06-02
375273,6912,1654,2023-06-02
599249,8120,1825,2023-06-09
658654,9345,2262,2023-06-09
503838,7791,2224,2023-06-09
341326,7106,1776,2023-06-09
423104,6689,1623,2023-06-09
333494,6939,1612,2023-06-09
355973,6843,1507,2023-06-09
514980,7941,1793,2023-06-16
587094,9204,2164,2023-06-16
442101,7980,1949,2023-06-16
320327,6835,1652,2023-06-16
383114,7104,1533,2023-06-16
280683,6771,1572,2023-06-16
272002,6882,1582,2023-06-16
394583,8161,1905,2023-06-23
498747,9366,2625,2023-06-23
359925,7381,2139,2023-06-23
322187,7210,2125,2023-06-23
397652,7392,1987,2023-06-23
318032,7305,2137,2023-06-23
386453,7327,2114,2023-06-23
502434,8519,2617,2023-06-30
557392,9666,3387,2023-06-30
609602,10222,4008,2023-06-30
493808,8812,3425,2023-06-30
474585,8175,2763,2023-06-30
360332,8046,2530,2023-06-30
392180,8313,2562,2023-06-30
496223,8410,2377,2023-07-07
516062,9586,3241,2023-07-07
451771,8334,3083,2023-07-07
463407,8066,2737,2023-07-07
588330,8038,2736,2023-07-07
453368,8153,2323,2023-07-07
470596,9014,2367,2023-07-07
537604,9824,2761,2023-07-14
653507,11261,3889,2023-07-14
573582,9221,3142,2023-07-14
540336,8650,2747,2023-07-14
677491,8738,2570,2023-07-14
624817,8635,2659,2023-07-14
835721,8405,2586,2023-07-14
1285462,9227,3159,2023-07-21
1229970,9736,3317,2023-07-21
1113516,8849,3092,2023-07-21
1112993,9382,2822,2023-07-21
1212553,9019,2634,2023-07-21
885906,9327,2448,2023-07-21
828069,9466,2595,2023-07-21
917417,10235,2815,2023-07-28
963254,10898,3621,2023-07-28
774659,8811,2861,2023-07-28
738671,8730,2765,2023-07-28
841901,9080,2710,2023-07-28
605606,9085,2559,2023-07-28
590215,8908,2526,2023-07-28
651946,9288,2779,2023-08-04
648016,9751,3324,2023-08-04
667387,10036,3256,2023-08-04
738138,10369,3741,2023-08-04
688238,9023,2756,2023-08-04
465327,9088,2626,2023-08-04
457676,9373,2500,2023-08-04
548266,9860,2698,2023-08-11
613330,10946,3267,2023-08-11
486370,8914,2746,2023-08-11
429994,8868,2650,2023-08-11
542093,10165,2755,2023-08-11
362823,10611,2388,2023-08-11
359951,10439,2601,2023-08-11
485425,11418,3008,2023-08-18
472151,11617,2816,2023-08-18
379774,10493,2800,2023-08-18
369880,10225,2758,2023-08-18
510425,10133,2543,2023-08-18
790745,9176,2719,2023-08-18
761647,7982,2438,2023-08-18
828975,8739,2574,2023-08-25
918143,9283,3150,2023-08-25
1100350,7654,2876,2023-08-25
415105,7435,2150,2023-08-25
435468,7507,2115,2023-08-25
346093,7517,2245,2023-08-25
675607,7320,2099,2023-08-25
542394,11797,2272,2023-09-01
512539,13143,2438,2023-09-01
490698,13094,2105,2023-09-01
434128,12621,2193,2023-09-01
322500,10073,1127,2023-09-01
326018,9263,1542,2023-09-01
446903,9111,1456,2023-09-01
615383,10371,1690,2023-09-08
685240,12022,2499,2023-09-08
536318,10065,2164,2023-09-08
368931,9026,1594,2023-09-08
416493,9485,1561,2023-09-08
308859,8951,1524,2023-09-08
291835,9228,1546,2023-09-08
354790,10797,1693,2023-09-15
415535,12528,2300,2023-09-15
301851,10083,2053,2023-09-15
217202,8238,1458,2023-09-15
282150,8166,1388,2023-09-15
209787,7898,1294,2023-09-15
219482,8145,1387,2023-09-15
308781,9487,1756,2023-09-22
359658,11042,2274,2023-09-22
261898,8943,1938,2023-09-22
208479,8253,1353,2023-09-22
280158,7821,1425,2023-09-22
220512,7782,1274,2023-09-22
246568,8819,1329,2023-09-22
373966,10141,1600,2023-09-29
422431,11866,2259,2023-09-29
335503,10439,2021,2023-09-29
266262,9277,1729,2023-09-29
274675,8657,1414,2023-09-29
231720,8494,1290,2023-09-29
257752,8248,1416,2023-09-29
363556,10535,1807,2023-10-06
405688,11766,2309,2023-10-06
363131,10984,2198,2023-10-06
336918,10768,2088,2023-10-06
266894,8940,1376,2023-10-06
238823,8946,1455,2023-10-06
308805,9484,1490,2023-10-06
434357,11239,1786,2023-10-13
484984,13466,2341,2023-10-13
349692,10741,2167,2023-10-13
256526,9639,1485,2023-10-13
289272,9187,1545,2023-10-13
256269,9735,1439,2023-10-13
322848,14344,3463,2023-10-13
451750,19869,4818,2023-10-20
511891,19304,5204,2023-10-20
374174,16274,4235,2023-10-20
283245,15316,3649,2023-10-20
321609,14898,3559,2023-10-20
384222,21213,5988,2023-10-20
411066,16740,4381,2023-10-20
533700,16610,3811,2023-10-27
512700,18534,4145,2023-10-27
382830,14957,3834,2023-10-27
274914,14072,3301,2023-10-27
276154,13110,2806,2023-10-27
286002,15678,3738,2023-10-27
316052,17021,4347,2023-10-27
449029,22442,6480,2023-11-03
504827,22446,6031,2023-11-03
331374,12084,2429,2023-11-03
235107,9922,1930,2023-11-03
270242,10175,1707,2023-11-03
239013,10257,1552,2023-11-03
280928,10557,1680,2023-11-03
413596,13567,2120,2023-11-10
465435,15357,3026,2023-11-10
355548,11545,2140,2023-11-10
284763,10679,1670,2023-11-10
292720,10374,1600,2023-11-10
245148,10924,1563,2023-11-10
290178,11049,1697,2023-11-10
445501,14546,2270,2023-11-17
483452,14843,3148,2023-11-17
353535,12213,2695,2023-11-17
274725,11152,1925,2023-11-17
342433,10708,1698,2023-11-17
292270,10684,1722,2023-11-17
299109,10506,1670,2023-11-17
403537,11892,2302,2023-11-24
437176,12961,2944,2023-11-24
344898,11057,2543,2023-11-24
243822,10309,2098,2023-11-24
300019,10692,2240,2023-11-24
262684,11296,2066,2023-11-24
317312,11898,2153,2023-11-24
477714,13740,2593,2023-12-01
579422,15013,3371,2023-12-01
450589,13305,2926,2023-12-01
352980,13258,2364,2023-12-01
380143,12163,2254,2023-12-01
317932,11861,2249,2023-12-01
316658,11905,2253,2023-12-01
401319,12301,2011,2023-12-08
443854,14411,3126,2023-12-08
362583,13402,2779,2023-12-08
279775,12497,2509,2023-12-08
327975,12285,2241,2023-12-08
249003,11926,1991,2023-12-08
252659,12179,2144,2023-12-08
329807,13408,2508,2023-12-15
384435,14652,3073,2023-12-15
324778,13849,3241,2023-12-15
283257,12717,2570,2023-12-15
333576,13519,2414,2023-12-15
297765,12565,2292,2023-12-15
331703,12882,2367,2023-12-15
396703,13752,2570,2023-12-22
405028,15533,2957,2023-12-22
348867,13327,2420,2023-12-22
463991,15246,2484,2023-12-22
599337,18032,3631,2023-12-22
528545,19795,4090,2023-12-22
508093,20633,4628,2023-12-22
509080,21081,4488,2023-12-29
477229,21748,4500,2023-12-29
331793,22252,3699,2023-12-29
444377,17926,3356,2023-12-29
492581,16447,3117,2023-12-29
391377,16842,3226,2023-12-29
387113,15590,2935,2023-12-29
451138,16229,3271,2024-01-05
442457,17140,3623,2024-01-05
292536,13864,2607,2024-01-05
211697,5317,1208,2024-01-05
232252,4931,1089,2024-01-05
222883,5051,1139,2024-01-05
241337,5132,1061,2024-01-05
344169,6547,1349,2024-01-12
410252,8364,2124,2024-01-12
293515,6387,1778,2024-01-12
202756,5371,1214,2024-01-12
252921,5077,1023,2024-01-12
201174,4353,1075,2024-01-12
249796,4500,1186,2024-01-12
383365,7164,1920,2024-01-19
400019,9436,2836,2024-01-19
265606,6275,2031,2024-01-19
183265,4712,1124,2024-01-19
236512,4511,945,2024-01-19
207923,4966,952,2024-01-19
237382,5283,1071,2024-01-19
361012,7252,1511,2024-01-26
395429,9583,2325,2024-01-26
262784,6487,1578,2024-01-26
197119,4905,1099,2024-01-26
239962,5197,1342,2024-01-26
199055,5102,1428,2024-01-26
402042,6590,1384,2024-01-26
430023,7757,1634,2024-02-02
437716,9821,2302,2024-02-02
292940,7486,1712,2024-02-02
241094,6531,1170,2024-02-02
333409,6484,1202,2024-02-02
213492,6771,1010,2024-02-02
226633,6247,1041,2024-02-02
326290,7707,1324,2024-02-09
387567,10686,2618,2024-02-09
269791,7890,2104,2024-02-09
265038,6814,1467,2024-02-09
375891,7274,1476,2024-02-09
333038,8606,1740,2024-02-09
274467,7514,1719,2024-02-09
415847,9724,2410,2024-02-16
478581,11762,3850,2024-02-16
524781,11534,3923,2024-02-16
441301,10280,3510,2024-02-16
401042,6954,1716,2024-02-16
274574,6657,1702,2024-02-16
279296,6807,1705,2024-02-16
373696,8169,2197,2024-02-23
422909,10549,3122,2024-02-23
317535,7530,2454,2024-02-23
270835,7507,1826,2024-02-23
358586,6326,2136,2024-02-23
245152,5842,1942,2024-02-23
307215,6402,2027,2024-02-23
438792,8626,2369,2024-03-01
499758,10187,3381,2024-03-01
398307,6816,2781,2024-03-01
331530,6912,2070,2024-03-01
409915,7923,1967,2024-03-01
331702,6626,2055,2024-03-01
353867,7149,2117,2024-03-01
495386,8661,2812,2024-03-08
576369,11355,3854,2024-03-08
437479,9400,3498,2024-03-08
365528,8582,4514,2024-03-08
422642,8017,4314,2024-03-08
323977,7396,3930,2024-03-08
318548,8499,4083,2024-03-08
401404,8760,3573,2024-03-15
429523,9741,3347,2024-03-15
304407,7345,2300,2024-03-15
230687,5912,1902,2024-03-15
286205,6273,2109,2024-03-15
290721,7106,2081,2024-03-15
287163,6590,2587,2024-03-15
385991,9343,2892,2024-03-22
454588,11565,4404,2024-03-22
318563,8297,3714,2024-03-22
262180,7913,2727,2024-03-22
328508,7661,2536,2024-03-22
306472,7774,2464,2024-03-22
380657,8659,2804,2024-03-22
567531,11389,4059,2024-03-29
431275,9813,3659,2024-03-29
355117,7963,3126,2024-03-29
279330,7189,2743,2024-03-29
268792,6282,2336,2024-03-29
208514,6206,2333,2024-03-29
220963,6397,2385,2024-03-29
338181,8008,2744,2024-04-05
387765,9472,3598,2024-04-05
264715,7073,2736,2024-04-05
186509,5576,2154,2024-04-05
229430,5426,2198,2024-04-05
203033,5861,2195,2024-04-05
233046,6229,2354,2024-04-05
345645,7417,2744,2024-04-12
373319,8661,3409,2024-04-12
263927,6366,2664,2024-04-12
192784,5531,2160,2024-04-12
228042,5597,2057,2024-04-12
191965,5806,2085,2024-04-12
204023,6067,2199,2024-04-12
301041,7700,2608,2024-04-19
355506,9018,3609,2024-04-19
248904,6854,2915,2024-04-19
179756,6108,2449,2024-04-19
228583,6358,2346,2024-04-19
184252,6649,2342,2024-04-19
200962,7004,2472,2024-04-19
281575,8515,2681,2024-04-26
356760,10611,3461,2024-04-26
262714,8114,2875,2024-04-26
198640,6580,2377,2024-04-26
245686,6763,2152,2024-04-26
196084,7575,2212,2024-04-26
223981,8365,2337,2024-04-26
318178,8963,2693,2024-05-03
327920,10215,3030,2024-05-03
271461,8974,2814,2024-05-03
182591,7415,2264,2024-05-03
225643,6473,2185,2024-05-03
196017,6762,2196,2024-05-03
213049,7216,2151,2024-05-03
292203,8138,2490,2024-05-10
349757,9300,3135,2024-05-10
252712,7259,2648,2024-05-10
196522,6695,2502,2024-05-10
245694,6619,2372,2024-05-10
199983,6868,2301,2024-05-10
216923,6883,2318,2024-05-10
345713,8420,2767,2024-05-17
364636,9294,3310,2024-05-17
343592,8945,3289,2024-05-17
299900,8067,3027,2024-05-17
237123,6783,2346,2024-05-17
188083,6363,2317,2024-05-17
204389,6565,2243,2024-05-17
311010,7902,2535,2024-05-24
385496,9607,3356,2024-05-24
265387,7940,2819,2024-05-24
201264,7154,2635,2024-05-24
258838,6949,2439,2024-05-24
179456,6717,2205,2024-05-24
189658,6541,2277,2024-05-24
265579,7356,2532,2024-05-31
312662,5111,1687,2024-05-31
265893,4271,1931,2024-05-31
189856,3914,1449,2024-05-31
222142,5927,1478,2024-05-31
188534,5650,1409,2024-05-31
210721,5362,1383,2024-05-31
319594,6212,1801,2024-06-07
351611,6699,2229,2024-06-07
278339,5431,1868,2024-06-07
205097,5366,1468,2024-06-07
258435,5219,1427,2024-06-07
212095,5467,1318,2024-06-07
245582,5213,1288,2024-06-07
432798,5681,1480,2024-06-14
499438,6360,1941,2024-06-14
401025,5960,1644,2024-06-14
309259,6108,1507,2024-06-14
375668,5676,1414,2024-06-14
287398,5217,1343,2024-06-14
306361,5282,1453,2024-06-14
423232,6329,1801,2024-06-21
522368,7466,2329,2024-06-21
476196,6583,2125,2024-06-21
341586,6497,1672,2024-06-21
406962,5972,1692,2024-06-21
380191,6295,1674,2024-06-21
440438,6602,1734,2024-06-21
532651,7168,1879,2024-06-28
621758,8053,2577,2024-06-28
517347,6884,2385,2024-06-28
405024,6756,1742,2024-06-28
445106,5781,1446,2024-06-28
388538,6067,1469,2024-06-28
344903,5708,1636,2024-06-28
422923,6255,1970,2024-07-05
461313,6267,2185,2024-07-05
354776,5491,1831,2024-07-05
316909,5652,1687,2024-07-05
412837,5569,1625,2024-07-05
391421,6103,1891,2024-07-05
352331,5700,1674,2024-07-05
418851,6126,1751,2024-07-12
397564,6523,1942,2024-07-12
337654,6213,1954,2024-07-12
330459,6390,1869,2024-07-12
409667,6082,1858,2024-07-12
294986,6299,1562,2024-07-12
302321,8094,1662,2024-07-12
400402,7650,1743,2024-07-19
411067,8115,2018,2024-07-19
363984,7240,1905,2024-07-19
359995,7853,1691,2024-07-19
502370,7113,1805,2024-07-19
420998,7224,1768,2024-07-19
531583,7051,1708,2024-07-19
615077,7151,1752,2024-07-26
609602,7133,1934,2024-07-26
535221,6444,1897,2024-07-26
514244,7592,1786,2024-07-26
607342,7167,1887,2024-07-26
450894,6276,1778,2024-07-26
410613,6420,1904,2024-07-26
501883,7555,1983,2024-08-02
520652,7012,2130,2024-08-02
505144,6940,2267,2024-08-02
506538,7714,2485,2024-08-02
496812,7159,1956,2024-08-02
361409,6459,1858,2024-08-02
411406,6474,1925,2024-08-02
567331,6832,2337,2024-08-09
527051,6906,2407,2024-08-09
452134,6420,2165,2024-08-09
408728,7378,1952,2024-08-09
490901,7244,1819,2024-08-09
373734,6057,1451,2024-08-09
404917,5343,1172,2024-08-09
510084,6008,1485,2024-08-16
566655,6651,2131,2024-08-16
473687,5463,1831,2024-08-16
407000,5476,1484,2024-08-16
492380,5659,1326,2024-08-16
350584,5218,1379,2024-08-16
310506,5167,1456,2024-08-16
365281,5863,1562,2024-08-23
377872,6263,1662,2024-08-23
306866,5043,1556,2024-08-23
274804,5051,1481,2024-08-23
351004,5157,1543,2024-08-23
273729,4793,1677,2024-08-23
258060,4796,1797,2024-08-23
324828,5864,1906,2024-08-30
386974,5791,1942,2024-08-30
363055,5654,1859,2024-08-30
324040,5381,1794,2024-08-30
267265,4454,1392,2024-08-30
244468,6880,3031,2024-08-30
355303,5849,2365,2024-08-30
440750,6183,2149,2024-09-06
507561,6705,2633,2024-09-06
332494,5301,1977,2024-09-06
251565,5033,1578,2024-09-06
291921,4741,1573,2024-09-06
232703,4710,1527,2024-09-06
264787,4990,1510,2024-09-06
386708,7010,2173,2024-09-13
435103,8254,2530,2024-09-13
282433,4831,1596,2024-09-13
209610,4222,1334,2024-09-13
266073,4075,1352,2024-09-13
200869,4244,1234,2024-09-13
220051,4214,1221,2024-09-13
333616,5812,1304,2024-09-20
387616,6322,1965,2024-09-20
268357,4772,1637,2024-09-20
201968,4186,1314,2024-09-20
268877,4217,1172,2024-09-20
225115,4144,1138,2024-09-20
240513,4584,1163,2024-09-20
357206,5630,1481,2024-09-27
411076,6261,2009,2024-09-27
320481,5472,1682,2024-09-27
252938,4897,1257,2024-09-27
260437,4866,746,2024-09-27
211116,5713,1155,2024-09-27
235011,5840,1214,2024-09-27
358633,6772,1588,2024-10-04
407769,7308,1954,2024-10-04
283828,5990,1838,2024-10-04
205310,5372,1303,2024-10-04
260728,5378,1307,2024-10-04
220831,5227,1329,2024-10-04
236512,5275,1209,2024-10-04
372487,6065,1551,2024-10-11
404983,6603,2004,2024-10-11
392655,6198,2070,2024-10-11
378605,6173,2077,2024-10-11
287161,5227,1390,2024-10-11
228638,5181,1386,2024-10-11
240401,5348,1322,2024-10-11
366311,6934,1674,2024-10-18
411917,7736,2147,2024-10-18
297811,5759,1799,2024-10-18
226273,5979,1460,2024-10-18
279170,5962,1324,2024-10-18
232610,6519,1394,2024-10-18
270927,8040,1484,2024-10-18
382322,2523,1837,2024-10-25
406738,40,2067,2024-10-25
301346,40,1791,2024-10-25
218845,38,1377,2024-10-25
263428,59,1429,2024-10-25
206577,34,1331,2024-10-25
200764,24,1144,2024-10-25
352182,58,1706,2024-11-01
422082,67,2496,2024-11-01
309295,63,2105,2024-11-01
217622,49,1511,2024-11-01
258757,51,1485,2024-11-01
226929,60,313,2024-11-01
242068,66,0,2024-11-01
361142,85,0,2024-11-08
435682,90,0,2024-11-08
361474,93,0,2024-11-08
281542,90,0,2024-11-08
292511,214,0,2024-11-08
266601,111,0,2024-11-08
276454,110,0,2024-11-08
359022,140,0,2024-11-15
429633,110,0,2024-11-15
322022,108,0,2024-11-15
265578,117,0,2024-11-15
314954,92,0,2024-11-15
292560,128,0,2024-11-15
351749,121,0,2024-11-15
538401,77,0,2024-11-22
574843,1,0,2024-11-22
437907,4,0,2024-11-22
358843,1,0,2024-11-22
432707,0,0,2024-11-22
385948,3,0,2024-11-22
378176,6,0,2024-11-22
544180,1,0,2024-11-29
599688,0,0,2024-11-29
441497,0,0,2024-11-29
332028,0,0,2024-11-29
374388,9,0,2024-11-29
330607,4,0,2024-11-29
341475,0,0,2024-11-29
453851,0,0,2024-12-06
521570,0,0,2024-12-06
402586,0,0,2024-12-06
300874,0,0,2024-12-06
363478,0,0,2024-12-06
291260,0,0,2024-12-06
294325,0,0,2024-12-06
372630,0,0,2024-12-13
430586,0,1,2024-12-13
343465,1,0,2024-12-13
277717,0,0,2024-12-13
330223,29,0,2024-12-13
292210,71,0,2024-12-13
307975,64,0,2024-12-13
400942,98,0,2024-12-20
452356,107,0,2024-12-20
438148,99,0,2024-12-20
400747,117,0,2024-12-20
400551,97,0,2024-12-20
491192,70,0,2024-12-20
584257,77,0,2024-12-20
578520,75,0,2024-12-27
597157,88,0,2024-12-27
576219,82,0,2024-12-27
527200,83,0,2024-12-27
423640,111,0,2024-12-27
514969,70,0,2024-12-27
456327,71,0,2024-12-27
480633,83,0,2025-01-03
470731,94,0,2025-01-03
317989,66,0,2025-01-03
223644,40,0,2025-01-03
260403,31,3,2025-01-03
232735,36,0,2025-01-03
275839,30,0,2025-01-03
380840,46,0,2025-01-10
428302,49,0,2025-01-10
435219,57,0,2025-01-10
311079,19,0,2025-01-10
391891,25,0,2025-01-10
244136,40,3,2025-01-10
264740,26,0,2025-01-10
407993,58,0,2025-01-17
442630,55,0,2025-01-17
373566,55,0,2025-01-17
274776,31,0,2025-01-17
357758,31,0,2025-01-17
218909,31,0,2025-01-17
246700,35,0,2025-01-17
345100,49,0,2025-01-24
395663,63,0,2025-01-24
284226,66,6,2025-01-24
248376,32,0,2025-01-24
352977,46,0,2025-01-24
243145,31,0,2025-01-24
253948,31,0,2025-01-24
370818,49,0,2025-01-31
429130,57,0,2025-01-31
298649,45,0,2025-01-31
223802,19,0,2025-01-31
330376,38,17,2025-01-31
248416,30,0,2025-01-31
256574,31,0,2025-01-31
359728,41,0,2025-02-07
400938,44,6,2025-02-07
335490,53,0,2025-02-07
290998,44,0,2025-02-07
392677,32,87,2025-02-07
305494,39,49,2025-02-07
360361,56,14,2025-02-07
518892,70,11,2025-02-14
483379,62,4,2025-02-14
416782,56,3,2025-02-14
400848,53,0,2025-02-14
307371,32,0,2025-02-14
239650,30,0,2025-02-14
234259,27,0,2025-02-14
329039,34,0,2025-02-21
385739,45,0,2025-02-21
272435,49,0,2025-02-21
194402,30,0,2025-02-21
242265,40,0,2025-02-21
183942,24,0,2025-02-21
194845,19,0,2025-02-21
293934,52,0,2025-02-28
349638,48,0,2025-02-28
272041,41,0,2025-02-28
219309,27,0,2025-02-28
262808,25,0,2025-02-28
222517,24,0,2025-02-28
240101,25,0,2025-02-28
325591,41,0,2025-03-07
371698,64,0,2025-03-07
273492,49,0,2025-03-07
251923,46,0,2025-03-07
303888,41,0,2025-03-07
259187,40,0,2025-03-07
264641,47,0,2025-03-07
333706,56,0,2025-03-14
367619,56,0,2025-03-14
267072,52,134,2025-03-14
190490,29,0,2025-03-14
227025,24,0,2025-03-14
180903,30,0,2025-03-14
203600,38,0,2025-03-14
309996,60,135,2025-03-21
356946,65,0,2025-03-21
256649,31,1,2025-03-21
198537,42,134,2025-03-21
246560,28,0,2025-03-21
204758,33,2,2025-03-21
228246,33,6,2025-03-21
324696,37,23,2025-03-28
372741,76,0,2025-03-28
284211,42,0,2025-03-28
231054,26,0,2025-03-28
263076,37,0,2025-03-28
239718,24,0,2025-03-28
308817,31,22,2025-03-28
521220,33,0,2025-04-04
600353,51,0,2025-04-04
410045,38,0,2025-04-04
264677,27,0,2025-04-04
310212,20,0,2025-04-04
242665,22,0,2025-04-04
278931,39,0,2025-04-04
442354,37,0,2025-04-11
496977,53,0,2025-04-11
320728,22,0,2025-04-11
240599,38,22,2025-04-11
291081,41,22,2025-04-11
240687,30,0,2025-04-11
334262,35,0,2025-04-11
507703,37,0,2025-04-18
415165,47,0,2025-04-18
433482,44,0,2025-04-18
382156,33,0,2025-04-18
424996,35,0,2025-04-18
261123,21,0,2025-04-18
266444,29,0,2025-04-18
372929,28,0,2025-04-25
438936,40,0,2025-04-25
363794,33,22,2025-04-25
281792,26,22,2025-04-25
415970,21,0,2025-04-25
251621,6,0,2025-04-25
