2023-01-01,473,157,73,1,35,0
2023-01-02,362,179,54,1,33,0
2023-01-03,270,155,34,3,18,0
2023-01-04,246,158,39,0,19,1
2023-01-05,290,159,34,1,12,0
2023-01-06,439,128,42,1,11,0
2023-01-07,434,158,47,0,22,0
2023-01-08,254,131,43,0,23,0
2023-01-09,161,288,22,2,14,0
2023-01-10,188,200,23,0,3,0
2023-01-11,203,184,19,0,8,0
2023-01-12,181,185,23,0,14,0
2023-01-13,312,158,30,0,11,0
2023-01-14,385,144,33,0,20,0
2023-01-15,236,190,26,1,8,0
2023-01-16,194,265,24,2,2,0
2023-01-17,236,240,35,1,13,0
2023-01-18,217,202,27,1,6,0
2023-01-19,212,198,26,0,11,0
2023-01-20,307,199,30,0,7,0
2023-01-21,386,228,29,0,10,0
2023-01-22,273,198,24,0,8,0
2023-01-23,168,175,10,0,7,0
2023-01-24,194,220,18,1,5,0
2023-01-25,322,228,22,0,10,0
2023-01-26,324,383,29,0,12,0
2023-01-27,440,213,38,1,12,0
2023-01-28,407,222,46,0,6,0
2023-01-29,279,257,25,1,7,0
2023-01-30,179,209,16,0,6,0
2023-01-31,172,171,20,2,8,0
2023-02-01,231,221,18,0,12,0
2023-02-02,229,216,28,1,1,0
2023-02-03,304,198,31,0,9,0
2023-02-04,380,173,35,1,4,0
2023-02-05,253,168,17,1,5,0
2023-02-06,151,170,16,1,0,0
2023-02-07,157,179,11,1,4,0
2023-02-08,161,154,13,0,1,0
2023-02-09,179,246,15,0,2,0
2023-02-10,321,150,19,0,4,0
2023-02-11,326,187,15,0,4,0
2023-02-12,193,156,14,2,4,0
2023-02-13,178,166,12,0,2,0
2023-02-14,230,151,25,2,5,1
2023-02-15,212,163,13,1,11,0
2023-02-16,304,206,26,0,3,0
2023-02-17,439,173,35,0,2,0
2023-02-18,566,180,30,1,7,0
2023-02-19,440,173,27,0,9,0
2023-02-20,403,180,35,0,4,0
2023-02-21,153,220,13,0,1,0
2023-02-22,155,173,14,0,3,0
2023-02-23,168,151,18,0,4,0
2023-02-24,256,154,22,0,8,0
2023-02-25,346,227,19,0,3,0
2023-02-26,204,316,14,1,4,0
2023-02-27,120,250,6,1,4,0
2023-02-28,161,583,11,0,2,0
2023-03-01,195,181,22,0,2,0
2023-03-02,191,187,14,0,3,0
2023-03-03,265,188,22,0,0,0
2023-03-04,309,218,17,0,7,0
2023-03-05,241,192,15,1,2,0
2023-03-06,137,173,12,1,3,0
2023-03-07,177,158,12,0,1,0
2023-03-08,183,162,12,0,3,0
2023-03-09,213,154,22,0,1,0
2023-03-10,373,180,26,1,1,0
2023-03-11,440,170,36,0,5,0
2023-03-12,279,278,22,1,5,0
2023-03-13,232,173,14,1,2,0
2023-03-14,234,302,15,1,4,0
2023-03-15,215,200,11,0,0,0
2023-03-16,248,236,18,0,3,0
2023-03-17,336,236,21,0,0,0
2023-03-18,361,256,28,0,5,0
2023-03-19,231,232,25,1,6,0
2023-03-20,160,233,9,0,1,0
2023-03-21,181,179,15,0,0,0
2023-03-22,226,150,33,1,1,0
2023-03-23,308,153,27,2,0,0
2023-03-24,440,188,35,1,2,0
2023-03-25,455,217,22,0,7,0
2023-03-26,345,277,27,0,3,0
2023-03-27,241,196,27,1,4,0
2023-03-28,252,174,16,1,2,0
2023-03-29,273,143,19,0,2,0
2023-03-30,285,145,28,1,3,0
2023-03-31,464,127,39,0,1,0
2023-04-01,543,222,42,0,4,0
2023-04-02,402,212,30,1,1,0
2023-04-03,363,203,27,1,2,0
2023-04-04,405,222,31,0,0,0
2023-04-05,608,173,40,0,1,0
2023-04-06,742,137,46,0,0,0
2023-04-07,1115,162,73,0,2,0
2023-04-08,712,150,49,1,3,0
2023-04-09,558,322,38,1,1,0
2023-04-10,475,227,30,1,3,0
2023-04-11,319,229,20,0,1,0
2023-04-12,313,180,9,0,2,0
2023-04-13,324,181,18,0,1,0
2023-04-14,540,144,32,1,3,0
2023-04-15,608,165,46,0,2,0
2023-04-16,377,216,32,2,0,0
2023-04-17,208,214,9,0,1,0
2023-04-18,280,241,24,0,4,0
2023-04-19,273,207,13,0,1,0
2023-04-20,314,146,16,0,2,0
2023-04-21,520,183,28,0,1,0
2023-04-22,681,177,24,0,4,0
2023-04-23,413,189,27,1,1,0
2023-04-24,221,222,19,2,1,0
2023-04-25,210,284,34,0,2,0
2023-04-26,274,293,27,0,2,0
2023-04-27,279,204,14,0,1,0
2023-04-28,396,196,32,0,3,0
2023-04-29,473,192,27,0,2,0
2023-04-30,372,315,28,1,0,0
2023-05-01,245,245,18,1,4,0
2023-05-02,267,249,26,1,0,0
2023-05-03,323,202,19,0,2,0
2023-05-04,399,223,31,0,3,0
2023-05-05,568,239,32,1,0,0
2023-05-06,592,252,41,0,2,0
2023-05-07,434,364,27,0,2,0
2023-05-08,252,288,22,1,2,0
2023-05-09,294,235,21,0,1,0
2023-05-10,275,353,14,3,1,0
2023-05-11,245,215,19,1,0,0
2023-05-12,340,186,25,0,0,0
2023-05-13,413,225,30,0,4,0
2023-05-14,276,292,11,0,7,0
2023-05-15,203,272,16,1,5,2
2023-05-16,247,228,22,1,5,0
2023-05-17,272,194,21,0,0,0
2023-05-18,317,228,25,1,0,0
2023-05-19,483,219,31,0,4,0
2023-05-20,603,219,36,0,4,0
2023-05-21,482,262,33,0,0,0
2023-05-22,401,281,25,2,4,0
2023-05-23,208,240,15,0,3,0
2023-05-24,215,172,18,2,1,0
2023-05-25,286,207,21,1,1,0
2023-05-26,424,251,22,0,1,0
2023-05-27,464,228,35,0,1,0
2023-05-28,323,257,18,0,0,0
2023-05-29,246,266,22,1,3,0
2023-05-30,257,212,16,1,3,0
2023-05-31,330,126,16,0,0,0
2023-06-01,504,210,32,2,3,0
2023-06-02,681,181,41,0,4,0
2023-06-03,714,198,32,0,3,0
2023-06-04,521,260,30,0,2,0
2023-06-05,356,275,19,2,2,0
2023-06-06,391,271,32,0,2,0
2023-06-07,367,266,25,0,7,0
2023-06-08,363,172,19,1,1,0
2023-06-09,609,345,38,1,4,0
2023-06-10,663,206,34,2,2,0
2023-06-11,510,206,23,0,3,0
2023-06-12,299,186,29,1,3,0
2023-06-13,307,172,28,1,3,0
2023-06-14,351,172,19,0,1,0
2023-06-15,401,203,21,1,5,0
2023-06-16,561,218,26,0,4,0
2023-06-17,598,191,46,0,3,0
2023-06-18,439,212,31,1,6,0
2023-06-19,249,257,31,2,6,0
2023-06-20,306,287,22,0,5,0
2023-06-21,290,290,21,0,5,0
2023-06-22,262,241,17,0,2,0
2023-06-23,380,177,25,0,3,0
2023-06-24,502,163,24,0,1,0
2023-06-25,333,218,34,0,4,0
2023-06-26,276,270,19,1,6,0
2023-06-27,314,251,22,0,0,0
2023-06-28,283,212,29,0,1,0
2023-06-29,358,224,21,0,3,0
2023-06-30,465,294,37,1,3,0
2023-07-01,526,245,29,0,3,0
2023-07-02,559,276,32,0,4,0
2023-07-03,443,295,39,1,0,0
2023-07-04,391,249,25,0,2,0
2023-07-05,336,234,25,0,0,0
2023-07-06,396,252,22,0,1,0
2023-07-07,467,232,34,0,1,0
2023-07-08,482,203,36,0,2,0
2023-07-09,421,245,31,1,1,0
2023-07-10,406,433,39,0,1,0
2023-07-11,452,223,28,1,1,0
2023-07-12,489,208,21,0,2,0
2023-07-13,484,214,32,0,2,0
2023-07-14,643,236,23,1,1,0
2023-07-15,741,210,48,1,2,0
2023-07-16,635,264,45,1,3,0
2023-07-17,551,225,33,1,2,0
2023-07-18,580,225,42,0,1,0
2023-07-19,730,229,36,3,3,0
2023-07-20,863,203,52,0,5,0
2023-07-21,1254,232,71,0,2,0
2023-07-22,1216,214,60,1,1,0
2023-07-23,1038,217,51,0,4,0
2023-07-24,907,241,53,2,4,0
2023-07-25,871,194,47,0,3,0
2023-07-26,897,235,37,2,4,0
2023-07-27,826,198,39,0,1,0
2023-07-28,1001,182,47,0,1,0
2023-07-29,941,199,70,2,4,0
2023-07-30,679,240,39,0,0,0
2023-07-31,601,119,21,0,1,0
2023-08-01,614,286,40,0,4,0
2023-08-02,617,293,37,1,3,0
2023-08-03,589,277,29,0,4,0
2023-08-04,743,241,40,0,3,0
2023-08-05,726,271,42,0,2,0
2023-08-06,714,238,46,0,2,0
2023-08-07,630,262,49,1,3,0
2023-08-08,438,217,30,0,4,1
2023-08-09,456,387,27,4,4,0
2023-08-10,474,287,29,0,1,0
2023-08-11,544,257,36,0,2,0
2023-08-12,600,273,38,0,1,0
2023-08-13,409,254,25,0,5,0
2023-08-14,343,271,25,2,0,0
2023-08-15,333,363,22,1,0,0
2023-08-16,309,357,19,0,1,0
2023-08-17,343,352,21,2,2,0
2023-08-18,432,325,33,0,5,0
2023-08-19,429,373,30,0,1,0
2023-08-20,352,369,19,0,0,0
2023-08-21,231,478,19,1,0,0
2023-08-22,329,442,23,0,4,0
2023-08-23,442,379,25,1,1,0
2023-08-24,355,389,21,1,1,0
2023-08-25,404,376,21,1,2,0
2023-08-26,325,443,29,1,0,0
2023-08-27,286,369,21,0,3,0
2023-08-28,167,420,16,2,0,0
2023-08-29,209,422,10,0,1,0
2023-08-30,187,350,17,2,4,0
2023-08-31,472,273,36,3,2,0
2023-09-01,377,332,32,3,3,0
2023-09-02,313,361,18,4,3,0
2023-09-03,287,363,21,0,2,0
2023-09-04,239,432,23,3,1,0
2023-09-05,201,412,10,2,5,0
2023-09-06,221,390,18,0,2,0
2023-09-07,348,364,17,3,0,0
2023-09-08,427,324,21,3,1,0
2023-09-09,431,467,21,4,2,0
2023-09-10,291,338,22,4,0,0
2023-09-11,169,370,13,3,3,0
2023-09-12,178,376,13,3,2,0
2023-09-13,169,330,12,6,2,0
2023-09-14,210,253,4,10,2,0
2023-09-15,391,346,47,3,1,0
2023-09-16,376,359,35,10,0,0
2023-09-17,221,338,26,10,1,0
2023-09-18,151,352,12,14,2,0
2023-09-19,178,340,21,10,4,0
2023-09-20,228,364,12,8,1,0
2023-09-21,219,345,18,5,1,0
2023-09-22,238,314,14,5,0,0
2023-09-23,253,365,23,10,0,0
2023-09-24,185,349,12,9,2,0
2023-09-25,129,334,12,7,0,0
2023-09-26,166,329,14,17,0,0
2023-09-27,207,263,16,7,2,0
2023-09-28,233,290,9,9,2,0
2023-09-29,409,281,26,11,2,0
2023-09-30,445,441,19,15,0,0
2023-10-01,275,326,26,7,1,0
2023-10-02,236,306,20,9,1,0
2023-10-03,175,296,20,10,1,0
2023-10-04,185,286,17,9,1,0
2023-10-05,247,289,10,11,0,0
2023-10-06,320,327,27,8,1,0
2023-10-07,372,304,28,10,0,0
2023-10-08,330,298,13,17,1,0
2023-10-09,278,300,18,10,3,0
2023-10-10,159,315,18,33,3,0
2023-10-11,167,262,13,15,1,0
2023-10-12,231,258,14,11,1,0
2023-10-13,308,242,16,9,4,0
2023-10-14,370,290,23,18,0,0
2023-10-15,238,240,21,19,1,0
2023-10-16,161,297,8,7,0,0
2023-10-17,193,237,18,6,1,0
2023-10-18,200,222,15,9,0,0
2023-10-19,243,256,17,8,1,0
2023-10-20,343,242,27,6,0,0
2023-10-21,378,261,26,15,1,0
2023-10-22,250,296,19,13,4,0
2023-10-23,174,276,9,5,0,0
2023-10-24,212,235,14,13,0,0
2023-10-25,230,239,16,12,0,0
2023-10-26,289,288,13,18,0,0
2023-10-27,386,251,15,10,2,0
2023-10-28,362,253,21,6,0,0
2023-10-29,249,261,14,13,0,0
2023-10-30,117,262,5,17,1,0
2023-10-31,133,209,9,8,3,0
2023-11-01,188,272,15,12,1,0
2023-11-02,198,290,9,11,1,0
2023-11-03,274,273,12,7,1,0
2023-11-04,332,255,22,17,2,0
2023-11-05,222,256,14,21,4,0
2023-11-06,125,274,8,14,0,0
2023-11-07,167,297,23,9,0,0
2023-11-08,213,270,12,15,2,0
2023-11-09,275,363,16,13,0,0
2023-11-10,391,237,29,8,3,1
2023-11-11,468,237,20,11,4,2
2023-11-12,324,236,20,11,1,0
2023-11-13,251,241,22,10,1,1
2023-11-14,202,229,13,8,0,1
2023-11-15,200,268,13,8,1,2
2023-11-16,283,292,16,10,9,1
2023-11-17,450,233,31,4,0,1
2023-11-18,502,230,27,10,0,1
2023-11-19,339,279,20,9,1,0
2023-11-20,222,284,12,10,0,1
2023-11-21,218,319,14,9,0,2
2023-11-22,251,264,10,9,4,2
2023-11-23,264,242,24,11,5,17
2023-11-24,412,247,441,21,48,18
2023-11-25,400,263,174,27,38,40
2023-11-26,337,323,451,37,56,68
2023-11-27,159,260,219,54,42,41
2023-11-28,260,257,39,37,23,32
2023-11-29,275,273,24,14,13,54
2023-11-30,338,327,24,10,9,20
2023-12-01,553,252,29,8,11,6
2023-12-02,530,278,30,13,9,15
2023-12-03,379,261,34,17,13,11
2023-12-04,246,272,17,11,6,14
2023-12-05,241,266,16,7,8,13
2023-12-06,299,255,17,11,10,14
2023-12-07,324,272,32,6,7,9
2023-12-08,580,281,66,30,14,5
2023-12-09,499,286,38,27,10,4
2023-12-10,599,373,78,28,9,3
2023-12-11,221,327,23,33,7,10
2023-12-12,330,291,41,22,8,5
2023-12-13,337,273,36,18,9,10
2023-12-14,320,313,57,42,16,9
2023-12-15,433,236,121,8,22,8
2023-12-16,472,262,95,16,29,19
2023-12-17,351,285,54,12,19,12
2023-12-18,217,294,57,15,13,20
2023-12-19,267,287,54,9,17,12
2023-12-20,324,287,47,15,22,11
2023-12-21,460,263,58,16,25,15
2023-12-22,513,267,104,20,33,15
2023-12-23,501,291,109,26,36,13
2023-12-24,438,289,86,18,37,10
2023-12-25,524,253,118,19,141,21
2023-12-26,508,310,189,135,145,103
2023-12-27,545,217,158,33,78,97
2023-12-28,478,264,115,20,71,53
2023-12-29,568,255,117,15,70,34
2023-12-30,514,244,149,18,70,25
2023-12-31,326,146,156,13,55,26
2024-01-01,467,347,88,17,39,19
2024-01-02,375,344,39,12,42,26
2024-01-03,342,285,36,15,23,34
2024-01-04,401,266,40,10,23,19
2024-01-05,489,251,52,20,25,12
2024-01-06,507,266,47,11,25,14
2024-01-07,294,307,34,9,16,12
2024-01-08,153,354,18,22,7,14
2024-01-09,151,401,25,84,13,20
2024-01-10,233,363,25,23,10,15
2024-01-11,246,257,23,13,11,1
2024-01-12,355,254,36,9,9,9
2024-01-13,428,278,44,10,23,12
2024-01-14,313,251,29,6,19,8
2024-01-15,144,314,14,15,9,16
2024-01-16,167,368,23,21,5,11
2024-01-17,189,289,18,8,8,0
2024-01-18,247,272,15,12,11,9
2024-01-19,431,285,31,12,36,10
2024-01-20,440,305,38,10,16,12
2024-01-21,278,340,29,14,11,3
2024-01-22,125,377,14,10,14,9
2024-01-23,171,359,18,6,11,8
2024-01-24,200,337,28,8,4,9
2024-01-25,292,353,19,12,9,3
2024-01-26,433,397,43,19,22,9
2024-01-27,468,318,31,24,20,14
2024-01-28,334,330,23,16,9,8
2024-01-29,193,351,18,9,7,8
2024-01-30,191,304,20,11,11,10
2024-01-31,189,242,25,12,4,3
2024-02-01,268,380,19,12,7,7
2024-02-02,356,317,31,13,6,12
2024-02-03,397,309,34,13,3,2
2024-02-04,190,314,26,10,10,8
2024-02-05,135,320,10,5,5,3
2024-02-06,176,330,14,6,4,5
2024-02-07,180,278,12,5,6,0
2024-02-08,186,237,19,4,7,4
2024-02-09,275,318,20,14,4,1
2024-02-10,454,291,31,10,6,2
2024-02-11,250,241,10,15,4,4
2024-02-12,189,283,15,10,1,5
2024-02-13,264,285,27,4,6,4
2024-02-14,330,248,30,9,6,6
2024-02-15,248,260,17,4,7,8
2024-02-16,359,268,24,14,14,3
2024-02-17,450,252,39,11,8,2
2024-02-18,415,277,19,8,9,7
2024-02-19,318,283,19,8,6,8
2024-02-20,200,339,16,5,9,4
2024-02-21,212,267,13,6,2,1
2024-02-22,211,221,15,5,2,3
2024-02-23,248,273,26,7,8,4
2024-02-24,332,246,19,5,3,8
2024-02-25,210,298,18,4,7,3
2024-02-26,206,367,12,2,4,5
2024-02-27,227,282,18,3,3,4
2024-02-28,270,271,20,11,6,3
2024-02-29,392,497,23,7,4,0
2024-03-01,587,265,34,13,4,2
2024-03-02,613,273,44,13,7,3
2024-03-03,429,282,36,12,3,0
2024-03-04,366,241,25,6,3,8
2024-03-05,445,232,26,8,11,2
2024-03-06,515,234,31,4,6,3
2024-03-07,491,251,25,5,6,1
2024-03-08,748,226,28,7,6,2
2024-03-09,914,239,47,15,2,1
2024-03-10,616,310,28,9,9,1
2024-03-11,390,304,29,4,5,5
2024-03-12,407,248,21,9,7,5
2024-03-13,406,251,22,12,3,2
2024-03-14,409,371,20,1,5,4
2024-03-15,486,236,23,7,7,0
2024-03-16,594,266,32,7,4,3
2024-03-17,320,290,21,8,7,0
2024-03-18,201,284,14,6,1,5
2024-03-19,271,251,25,9,4,6
2024-03-20,321,250,22,6,5,1
2024-03-21,309,225,13,4,3,0
2024-03-22,457,212,31,5,1,1
2024-03-23,568,229,40,7,8,0
2024-03-24,350,259,24,15,4,2
2024-03-25,258,232,24,4,2,7
2024-03-26,290,278,21,11,7,3
2024-03-27,315,248,27,9,1,3
2024-03-28,485,287,20,2,3,2
2024-03-29,752,246,48,7,8,2
2024-03-30,496,196,32,5,3,2
2024-03-31,385,149,19,12,2,2
2024-04-01,281,363,17,16,2,3
2024-04-02,202,378,20,8,3,1
2024-04-03,191,301,12,9,4,1
2024-04-04,206,278,22,8,2,0
2024-04-05,413,328,19,18,1,1
2024-04-06,445,342,29,13,3,0
2024-04-07,299,343,22,16,3,2
2024-04-08,158,376,11,11,0,3
2024-04-09,177,519,16,11,2,1
2024-04-10,198,389,12,6,2,3
2024-04-11,224,286,26,8,3,1
2024-04-12,383,288,30,7,2,2
2024-04-13,435,313,37,7,5,1
2024-04-14,297,273,24,14,5,3
2024-04-15,151,341,12,17,8,1
2024-04-16,180,392,13,15,0,0
2024-04-17,171,291,20,10,1,1
2024-04-18,177,242,16,13,1,4
2024-04-19,335,279,23,13,0,1
2024-04-20,416,291,28,12,3,2
2024-04-21,264,282,14,9,1,1
2024-04-22,141,343,13,20,0,2
2024-04-23,196,341,17,10,1,1
2024-04-24,182,294,12,10,0,1
2024-04-25,215,278,18,12,2,2
2024-04-26,296,280,15,10,2,2
2024-04-27,368,282,26,5,5,1
2024-04-28,268,303,18,12,5,3
2024-04-29,184,398,17,7,0,2
2024-04-30,202,472,15,12,5,0
2024-05-01,227,302,15,11,6,4
2024-05-02,236,277,19,7,1,0
2024-05-03,345,268,25,9,2,2
2024-05-04,397,230,25,13,2,1
2024-05-05,312,310,24,9,6,0
2024-05-06,179,325,14,19,0,2
2024-05-07,232,287,19,9,1,1
2024-05-08,203,274,24,14,4,2
2024-05-09,249,297,79,10,26,1
2024-05-10,345,343,89,12,20,1
2024-05-11,445,264,117,9,49,0
2024-05-12,271,321,122,15,76,0
2024-05-13,187,336,60,14,32,4
2024-05-14,228,359,32,5,20,7
2024-05-15,221,233,20,4,12,5
2024-05-16,222,308,32,10,7,6
2024-05-17,469,226,44,5,11,0
2024-05-18,506,219,37,12,9,0
2024-05-19,450,273,31,7,7,4
2024-05-20,411,264,46,17,5,4
2024-05-21,234,220,18,7,1,0
2024-05-22,230,228,19,8,6,5
2024-05-23,264,260,26,11,7,2
2024-05-24,420,265,41,8,2,1
2024-05-25,527,241,33,10,6,1
2024-05-26,372,266,32,9,4,1
2024-05-27,198,263,21,12,4,1
2024-05-28,240,272,30,5,3,1
2024-05-29,196,283,16,6,3,2
2024-05-30,200,213,23,9,7,3
2024-05-31,318,142,28,8,4,0
2024-06-01,382,229,33,11,4,3
2024-06-02,325,255,39,13,3,5
2024-06-03,179,265,10,14,5,2
2024-06-04,194,265,23,6,8,2
2024-06-05,200,267,14,7,1,2
2024-06-06,211,254,18,7,1,2
2024-06-07,364,260,34,16,2,7
2024-06-08,401,244,33,5,2,1
2024-06-09,273,323,26,13,6,4
2024-06-10,199,299,19,12,5,2
2024-06-11,253,273,17,12,2,3
2024-06-12,221,264,40,10,28,3
2024-06-13,315,253,52,13,15,4
2024-06-14,623,188,82,8,19,0
2024-06-15,715,255,94,7,45,5
2024-06-16,547,292,95,16,79,4
2024-06-17,306,272,27,17,29,4
2024-06-18,354,269,31,8,11,6
2024-06-19,339,290,23,15,12,7
2024-06-20,357,280,29,7,1,6
2024-06-21,565,272,34,6,11,4
2024-06-22,652,225,38,6,9,1
2024-06-23,532,238,37,9,13,3
2024-06-24,275,280,27,9,5,1
2024-06-25,371,296,25,11,4,4
2024-06-26,452,298,30,22,8,7
2024-06-27,582,239,40,15,9,0
2024-06-28,705,254,27,15,7,1
2024-06-29,823,240,54,15,10,3
2024-06-30,711,311,29,13,9,3
2024-07-01,552,283,41,16,2,3
2024-07-02,449,290,27,17,7,4
2024-07-03,548,246,40,11,3,0
2024-07-04,558,221,33,9,4,1
2024-07-05,720,250,40,11,4,0
2024-07-06,712,224,46,9,5,1
2024-07-07,514,255,29,10,4,1
2024-07-08,399,276,29,10,5,2
2024-07-09,405,230,41,7,4,1
2024-07-10,455,306,31,22,8,1
2024-07-11,404,267,41,23,3,2
2024-07-12,472,259,35,12,1,1
2024-07-13,504,256,31,10,7,2
2024-07-14,370,361,37,15,6,1
2024-07-15,339,351,28,20,5,2
2024-07-16,420,317,26,17,3,3
2024-07-17,359,256,23,20,4,2
2024-07-18,445,271,34,15,6,1
2024-07-19,559,279,32,13,4,3
2024-07-20,708,263,50,16,4,4
2024-07-21,520,318,38,29,5,2
2024-07-22,496,339,30,20,4,1
2024-07-23,605,314,38,15,3,3
2024-07-24,667,237,39,24,7,4
2024-07-25,905,261,52,20,7,4
2024-07-26,1093,344,66,14,4,3
2024-07-27,886,332,61,20,4,1
2024-07-28,876,352,59,18,5,1
2024-07-29,705,386,44,17,5,4
2024-07-30,683,348,55,15,6,0
2024-07-31,696,127,40,3,4,2
2024-08-01,706,337,65,14,5,3
2024-08-02,883,295,63,11,1,3
2024-08-03,863,317,52,16,7,4
2024-08-04,757,348,49,19,4,3
2024-08-05,774,338,46,17,3,2
2024-08-06,498,360,45,21,2,2
2024-08-07,437,320,29,20,2,3
2024-08-08,534,287,47,14,1,5
2024-08-09,682,327,60,14,7,4
2024-08-10,652,297,45,13,4,1
2024-08-11,547,286,41,20,2,2
2024-08-12,409,329,36,26,3,1
2024-08-13,440,338,33,15,2,4
2024-08-14,476,249,23,9,3,0
2024-08-15,547,283,39,4,5,0
2024-08-16,805,313,63,11,6,2
2024-08-17,823,315,52,11,2,2
2024-08-18,685,303,43,13,2,5
2024-08-19,444,337,36,12,3,1
2024-08-20,492,415,43,12,3,0
2024-08-21,392,350,41,13,2,0
2024-08-22,381,338,29,13,1,4
2024-08-23,484,368,25,14,2,1
2024-08-24,492,395,37,4,4,1
2024-08-25,357,489,35,18,5,2
2024-08-26,244,575,20,16,3,0
2024-08-27,273,485,18,11,6,3
2024-08-28,249,493,20,12,2,0
2024-08-29,248,466,32,8,1,1
2024-08-30,344,384,26,8,5,4
2024-08-31,428,325,30,6,2,2
2024-09-01,444,448,53,15,1,3
2024-09-02,365,524,33,14,2,3
2024-09-03,187,503,21,6,1,2
2024-09-04,237,435,16,6,3,1
2024-09-05,284,469,24,9,2,5
2024-09-06,455,379,39,10,1,1
2024-09-07,520,329,55,12,4,1
2024-09-08,337,371,29,15,5,0
2024-09-09,203,512,26,16,2,2
2024-09-10,213,428,18,10,2,0
2024-09-11,207,375,14,14,0,3
2024-09-12,256,357,26,6,3,2
2024-09-13,405,341,32,10,4,2
2024-09-14,478,333,35,10,3,2
2024-09-15,344,413,20,14,5,1
2024-09-16,158,460,15,10,0,0
2024-09-17,195,460,7,24,2,1
2024-09-18,213,426,20,10,3,2
2024-09-19,356,375,40,6,3,4
2024-09-20,429,394,54,11,1,2
2024-09-21,533,331,48,6,3,1
2024-09-22,297,357,33,14,2,1
2024-09-23,189,388,27,14,5,0
2024-09-24,241,384,33,10,0,2
2024-09-25,289,369,27,8,3,0
2024-09-26,292,349,29,25,2,0
2024-09-27,463,362,32,11,5,2
2024-09-28,598,364,38,8,2,2
2024-09-29,413,335,35,19,4,2
2024-09-30,311,574,22,21,2,1
2024-10-01,286,390,27,17,4,1
2024-10-02,262,357,25,12,5,1
2024-10-03,299,300,19,15,2,2
2024-10-04,435,320,35,15,5,1
2024-10-05,468,353,34,11,0,0
2024-10-06,342,339,29,20,3,1
2024-10-07,188,329,19,21,4,0
2024-10-08,221,285,21,18,5,1
2024-10-09,218,304,14,17,2,3
2024-10-10,247,361,25,30,3,3
2024-10-11,423,293,28,24,1,1
2024-10-12,465,286,28,10,3,1
2024-10-13,411,283,25,19,1,3
2024-10-14,401,396,22,20,4,0
2024-10-15,185,311,18,16,1,1
2024-10-16,213,320,11,22,1,0
2024-10-17,249,293,23,25,6,1
2024-10-18,383,298,33,6,3,0
2024-10-19,469,300,31,10,4,1
2024-10-20,311,321,30,15,1,0
2024-10-21,177,376,27,21,1,1
2024-10-22,222,300,12,12,1,4
2024-10-23,244,279,25,16,2,0
2024-10-24,327,282,21,14,4,0
2024-10-25,425,307,30,22,1,0
2024-10-26,511,314,34,16,4,0
2024-10-27,364,338,30,16,3,2
2024-10-28,205,394,20,16,5,0
2024-10-29,258,301,17,15,1,1
2024-10-30,214,290,28,5,2,0
2024-10-31,259,189,21,8,0,3
2024-11-01,510,267,21,6,2,2
2024-11-02,625,301,51,10,4,1
2024-11-03,382,319,31,17,1,1
2024-11-04,197,349,24,19,1,2
2024-11-05,232,338,13,13,2,4
2024-11-06,203,307,22,18,2,0
2024-11-07,293,299,26,11,1,1
2024-11-08,386,266,26,13,2,1
2024-11-09,570,362,34,24,4,0
2024-11-10,455,327,48,14,2,3
2024-11-11,262,345,20,17,2,4
2024-11-12,227,346,11,15,1,1
2024-11-13,253,340,21,18,2,1
2024-11-14,271,303,17,11,1,0
2024-11-15,388,313,30,10,4,0
2024-11-16,486,295,42,14,3,9
2024-11-17,366,281,29,18,1,0
2024-11-18,232,330,19,20,1,0
2024-11-19,329,334,20,15,0,2
2024-11-20,384,333,31,11,1,0
2024-11-21,456,293,30,11,2,0
2024-11-22,709,257,56,14,2,4
2024-11-23,764,283,59,18,5,4
2024-11-24,576,318,61,121,5,50
2024-11-25,396,309,31,62,5,45
2024-11-26,455,359,30,128,8,61
2024-11-27,574,354,42,97,3,48
2024-11-28,491,334,57,21,6,22
2024-11-29,722,332,1529,29,78,14
2024-11-30,683,469,824,37,68,8
2024-12-01,449,404,931,37,88,14
2024-12-02,293,470,1847,31,143,9
2024-12-03,368,355,265,31,81,14
2024-12-04,442,338,117,22,35,8
2024-12-05,489,341,98,25,36,8
2024-12-06,611,341,143,21,34,8
2024-12-07,658,299,133,23,31,9
2024-12-08,404,327,106,87,28,11
2024-12-09,275,415,81,52,14,11
2024-12-10,356,521,126,82,37,9
2024-12-11,355,342,123,63,27,7
2024-12-12,322,345,108,34,26,5
2024-12-13,456,322,156,36,29,9
2024-12-14,562,446,209,37,29,14
2024-12-15,355,359,173,51,29,20
2024-12-16,229,440,96,58,33,22
2024-12-17,294,363,105,38,25,17
2024-12-18,332,312,110,38,35,12
2024-12-19,362,319,137,28,40,16
2024-12-20,466,340,159,30,40,20
2024-12-21,480,356,165,38,54,21
2024-12-22,443,419,153,59,52,28
2024-12-23,379,419,123,44,53,35
2024-12-24,366,338,145,72,75,39
2024-12-25,611,364,235,58,333,142
2024-12-26,668,419,281,162,236,128
2024-12-27,557,374,270,77,149,78
2024-12-28,653,343,297,80,146,64
2024-12-29,532,387,289,72,115,67
2024-12-30,484,363,304,63,91,68
2024-12-31,295,195,426,81,80,48
2025-01-01,582,361,188,60,123,35
2025-01-02,504,322,73,35,85,38
2025-01-03,616,356,97,31,76,23
2025-01-04,605,402,74,33,48,23
2025-01-05,353,439,48,44,47,25
2025-01-06,169,405,35,48,43,22
2025-01-07,212,422,36,37,43,17
2025-01-08,232,353,39,40,38,9
2025-01-09,263,403,39,96,42,14
2025-01-10,377,408,63,60,48,9
2025-01-11,446,378,50,38,42,9
2025-01-12,289,335,39,30,35,8
2025-01-13,149,397,23,45,26,21
2025-01-14,196,410,35,39,22,21
2025-01-15,191,348,15,35,18,8
2025-01-16,204,349,21,37,18,5
2025-01-17,374,344,33,23,22,8
2025-01-18,414,298,51,23,25,11
2025-01-19,257,337,36,29,23,34
2025-01-20,127,423,12,23,13,17
2025-01-21,193,414,29,36,15,11
2025-01-22,188,382,15,21,24,13
2025-01-23,195,380,15,16,15,8
2025-01-24,294,385,32,16,22,3
2025-01-25,398,492,44,17,27,8
2025-01-26,233,514,28,30,22,21
2025-01-27,142,444,17,20,13,14
2025-01-28,222,479,19,27,22,10
2025-01-29,270,395,23,20,16,5
2025-01-30,281,415,19,15,15,12
2025-01-31,448,251,44,18,18,4
2025-02-01,559,403,61,18,22,4
2025-02-02,336,413,34,16,17,6
2025-02-03,149,427,13,25,11,4
2025-02-04,200,394,15,26,8,9
2025-02-05,231,324,19,15,19,5
2025-02-06,263,307,25,17,12,4
2025-02-07,332,298,26,13,10,5
2025-02-08,347,344,43,8,11,7
2025-02-09,223,364,24,20,17,5
2025-02-10,250,357,20,15,8,5
2025-02-11,587,360,22,13,14,2
2025-02-12,555,297,38,16,11,2
2025-02-13,698,290,39,16,12,6
2025-02-14,883,228,39,7,12,7
2025-02-15,825,316,54,15,18,5
2025-02-16,692,293,35,12,19,13
2025-02-17,643,314,47,25,14,7
2025-02-18,368,320,28,19,7,8
2025-02-19,471,327,17,17,6,7
2025-02-20,388,280,21,12,3,7
2025-02-21,543,318,31,8,11,1
2025-02-22,559,291,36,10,11,2
2025-02-23,387,330,22,15,13,7
2025-02-24,160,306,22,18,8,3
2025-02-25,219,336,24,10,5,6
2025-02-26,234,354,14,7,9,5
2025-02-27,202,308,14,9,6,2
2025-02-28,329,993,22,18,13,10
2025-03-01,402,422,25,13,11,4
2025-03-02,255,338,20,14,10,7
2025-03-03,163,251,11,20,4,2
2025-03-04,201,316,18,11,3,4
2025-03-05,201,302,16,17,8,10
2025-03-06,245,304,16,15,5,4
2025-03-07,388,295,33,10,13,4
2025-03-08,428,294,28,10,10,6
2025-03-09,289,252,26,16,9,3
2025-03-10,226,323,17,6,9,8
2025-03-11,265,492,21,20,10,6
2025-03-12,234,520,22,14,9,7
2025-03-13,227,464,19,15,12,2
2025-03-14,368,759,21,19,4,4
2025-03-15,438,474,44,15,8,6
2025-03-16,257,468,17,21,5,4
2025-03-17,139,418,11,22,4,6
2025-03-18,185,322,15,14,5,1
2025-03-19,185,406,14,15,5,4
2025-03-20,223,337,16,11,3,4
2025-03-21,316,404,30,9,8,3
2025-03-22,426,426,19,16,8,1
2025-03-23,284,333,25,23,5,6
2025-03-24,120,269,13,14,1,4
2025-03-25,180,273,20,21,3,2
2025-03-26,182,347,20,16,3,7
2025-03-27,224,305,21,12,5,2
2025-03-28,310,354,26,13,7,2
2025-03-29,424,253,31,12,8,8
2025-03-30,345,221,27,17,7,4
2025-03-31,237,213,18,11,3,2
2025-04-01,296,412,31,15,4,1
2025-04-02,292,338,23,12,4,2
2025-04-03,440,294,33,11,7,5
2025-04-04,739,297,63,9,11,2
2025-04-05,893,295,44,13,13,1
2025-04-06,520,284,47,20,11,3
2025-04-07,261,301,14,17,7,3
2025-04-08,342,343,18,17,3,0
2025-04-09,325,328,25,11,6,2
2025-04-10,336,268,30,13,3,1
2025-04-11,606,360,44,12,9,3
2025-04-12,653,349,56,11,12,2
2025-04-13,355,320,25,21,4,5
2025-04-14,226,383,16,21,3,4
2025-04-15,289,377,24,15,7,9
2025-04-16,294,345,16,17,8,0
2025-04-17,418,330,39,8,8,1
2025-04-18,780,280,42,23,13,1
2025-04-19,511,311,38,14,7,0
2025-04-20,492,266,27,18,6,3
2025-04-21,316,381,36,19,10,1
2025-04-22,263,355,15,9,4,0
2025-04-23,300,296,24,21,4,1
2025-04-24,338,259,27,8,4,0
2025-04-25,498,266,44,12,8,3
2025-04-26,589,271,44,17,2,1
2025-04-27,436,263,29,13,5,6
2025-04-28,286,331,32,14,5,4
2025-04-29,321,321,29,14,3,0
2025-04-30,362,403,31,24,2,5
