release_date,title_id,title_name
1/6/2023,35293,M3GAN
1/13/2023,36348,Plane
1/20/2023,36249,Missing
1/27/2023,36473,Infinity Pool
2/3/2023,35622,Knock at the Cabin
2/3/2023,36304,80 for Brady
2/10/2023,36250,Magic Mike's Last Dance
2/10/2023,35567,Titanic 25th Anniversary
2/15/2023,36515,Marlowe
2/17/2023,34595,Ant-Man and the Wasp: Quantumania
2/24/2023,35952,Cocaine Bear
2/24/2023,36495,Jesus Revolution
2/24/2023,36245,Katak the Brave Beluga
3/3/2023,36153,Creed III
3/10/2023,35431,65
3/10/2023,36438,Mummies
3/10/2023,35840,Scream VI
3/17/2023,33758,Shazam! Fury of the Gods
3/24/2023,35197,John Wick: Chapter 4
3/31/2023,23801,Dungeons & Dragons: Honor Among Thieves
4/5/2023,36580,Air: Courting a Legend
4/5/2023,22857,The Super Mario Bros. Movie
4/14/2023,35807,Renfield
4/14/2023,36106,The Pope's Exorcist
4/14/2023,36503,Mafia Mamma
4/21/2023,36477,"Blind Willow, Sleeping Woman"
4/21/2023,36185,Evil Dead Rise
4/21/2023,36319,Chevalier 
4/28/2023,35554,Big George Foreman: The Miraculous Story of the Once and Future Heavyweight Champion of the World
4/28/2023,35777,"Are You There God? It's Me, Margaret"
4/28/2023,36662,Fragile
4/28/2023,36364,Polite Society
4/28/2023,36613,SISU
4/28/2023,36575,The Three Musketeers : d'Artagnan (French w/est)
4/28/2023,36537,The End Of Sex
5/5/2023,34596,Guardians of the Galaxy Vol. 3
5/5/2023,35922,Love Again
5/12/2023,36581,Blackberry
5/12/2023,36116,Book Club: The Next Chapter
5/19/2023,36692,Dark Nature
5/19/2023,35521,Fast X
5/26/2023,36497,About My Father
5/26/2023,36546,Mission Kandahar
5/26/2023,36484,The Machine
5/26/2023,36238,The Little Mermaid
6/2/2023,34498,Spider-Man: Across The Spider-Verse
6/2/2023,36557,Boogeyman
6/9/2023,34955,Transformers: Rise of the Beasts
6/16/2023,34644,The Flash
6/16/2023,34598,Elemental
6/23/2023,36092,No Hard Feelings
6/30/2023,36137,"Ruby Gillman, Teenage Kraken"
6/30/2023,22104,Indiana Jones and the Dial of Destiny
7/7/2023,36107,Insidious: The Red Door
7/7/2023,36793,Joy Ride
7/7/2023,36479,Adventures in the Land of Asha (French w/est)
7/12/2023,31451,Mission: Impossible Dead Reckoning - Part One
7/21/2023,35944,Barbie
7/21/2023,35474,Oppenheimer
7/28/2023,36675,Talk To Me
7/28/2023,36640,A Cat's Life - Rroû's Great Adventure (French w/est)
7/28/2023,36653,Haunted Mansion
8/2/2023,35441,Teenage Mutant Ninja Turtles: Mutant Mayhem
8/4/2023,35320,MEG 2: The Trench
8/11/2023,35483,The Last Voyage of the Demeter
8/11/2023,35964,Toopy and Binoo: The Movie
8/18/2023,35296,Strays
8/18/2023,35720,Blue Beetle
8/25/2023,36956,Gran Turismo: Based on a True Story
9/1/2023,35928,The Equalizer 3
9/1/2023,36962,Zombie Town
9/8/2023,36186,The Nun 2
9/8/2023,36597,My Big Fat Greek Wedding 3
9/13/2023,36749,After Everything
9/15/2023,36320,A Haunting In Venice
9/22/2023,36500,Expend4bles
9/22/2023,36859,It Lives Inside
9/29/2023,36047,The Creator
9/29/2023,35974,Paw Patrol: The Mighty Movie
9/29/2023,36501,Saw X
10/6/2023,35495,The Exorcist: Believer
10/13/2023,36823,Butterfly Tale - Family Favourites
10/20/2023,36678,Killers of the Flower Moon
10/27/2023,36780,Freelance
10/27/2023,36688,Five Nights at Freddy's 
11/3/2023,36964,Priscilla
11/10/2023,24016,The Marvels
11/10/2023,36615,Journey To Bethlehem
11/17/2023,36237,Next Goal Wins
11/17/2023,35953,The Hunger Games: The Ballad of Songbirds and Snakes
11/17/2023,36681,Thanksgiving
11/17/2023,35666,Trolls Band Together
11/18/2023,36236,Wish
11/22/2023,36682,Napoleon
11/24/2023,36990,Dream Scenario
12/1/2023,37054,Silent Night
12/8/2023,37009,The Boy and the Heron
12/15/2023,36852,The Three Musketeers : Milady (French w/est)
12/15/2023,35311,Wonka
12/22/2023,36965,The Iron Claw
12/22/2023,36736,Anyone But You
12/22/2023,33558,Aquaman And The Lost Kingdom
12/22/2023,22858,Migration
12/25/2023,36897,Ferrari
12/25/2023,36806,The Boys in the Boat
12/25/2023,35292,The Color Purple
12/31/2023,38095,South Asian Placeholder (2026)
1/5/2024,35677,Night Swim
1/12/2024,37052,Mean Girls (2024)
1/12/2024,36891,The Beekeeper
1/12/2024,36626,The Book of Clarence
1/19/2024,37281,I.S.S.
2/2/2024,36840,Argylle
2/9/2024,37097,Lisa Frankenstein
2/14/2024,35927,Madame Web
2/14/2024,35839,Bob Marley: One Love
2/16/2024,37263,Land of Bad
2/16/2024,37356,Laser attribute test Id
2/23/2024,36853,Kina & Yuk : renards de la banquise
2/23/2024,36670,Ordinary Angels
3/1/2024,35640,Dune: Part Two
3/1/2024,37205,Autumn and the Black Jaguar - Family Favourites
3/1/2024,37130,Echo à Delta 
3/8/2024,37137,Imaginary
3/8/2024,36155,Kung Fu Panda 4
3/22/2024,37346,Immaculate
3/22/2024,36065,Ghostbusters: Frozen Empire 
3/29/2024,36072,Godzilla x Kong: The New Empire
4/5/2024,36611,Monkey Man
4/5/2024,37133,The First Omen
4/12/2024,37254,Civil War
4/19/2024,37258,Abigail
4/19/2024,37292,Irena's vow
4/19/2024,37518,TEST FILM ID A
4/19/2024,37353,Spy X Family Code: White
4/26/2024,37330,Boy Kills World
4/26/2024,36669,Challengers
4/30/2024,37486,Test film id - UAT sync 03/04/2024
5/3/2024,36777,Tarot
5/3/2024,36154,The Fall Guy
5/10/2024,37562,Not Another Church Movie
5/10/2024,36322,Kingdom of the Planet of the Apes
5/17/2024,35397,IF
5/17/2024,37252,Back to Black
5/17/2024,37305,The Strangers: Chapter 1
5/24/2024,36131,The Garfield Movie
5/24/2024,35290,Furiosa: A Mad Max Saga
6/7/2024,36907,Bad Boys: Ride or Die
6/7/2024,36594,The Watchers
6/14/2024,36233,Inside Out 2
6/21/2024,37582,The Exorcism
6/21/2024,36917,The Bikeriders
6/28/2024,37098,Horizon: An American Saga - Chapter 1
6/28/2024,35456,A Quiet Place: Day One
7/3/2024,35589,Despicable Me 4
7/12/2024,37580,Fly Me To The Moon
7/12/2024,37318,Longlegs
7/19/2024,36471,Twisters
7/26/2024,36278,Deadpool & Wolverine
8/2/2024,35555,Harold and the Purple Crayon 
8/2/2024,37222,Trap
8/9/2024,36886,It Ends With Us
8/9/2024,37139,Borderlands
8/16/2024,36824,Alien: Romulus
8/23/2024,37531,Blink Twice
8/23/2024,24020,The Crow
8/30/2024,4684,Twister
8/30/2024,36469,Afraid
9/6/2024,36766,Beetlejuice Beetlejuice
9/6/2024,37779,Deaner '89
9/13/2024,36715,Speak No Evil
9/14/2024,37953,Transformers One
9/18/2024,37865,TRANSFORMERS ONE: FAN EVENT
9/20/2024,37778,The Substance
9/20/2024,37722,Never Let Go
9/20/2024,37667,My Old Ass
9/27/2024,37695,Megalopolis
9/27/2024,36726,The Wild Robot
10/4/2024,36532,White Bird
10/4/2024,37791,Saturday Night
10/4/2024,35705,Joker: Folie à Deux (English)
10/18/2024,37053,Smile 2
10/25/2024,36908,Venom: The Last Dance
10/25/2024,37821,Conclave
11/1/2024,37481,Here
11/8/2024,37682,Heretic
11/8/2024,37508,A Christmas Storm (French w/est)
11/8/2024,37236,The Best Christmas Pageant Ever
11/15/2024,37532,Red One
11/22/2024,22303,Wicked
11/22/2024,36582,Gladiator II
11/27/2024,37135,Moana 2
12/6/2024,37968,TRAILER PARK BOYS PRESENTS: STANDING ON THE SHOULDERS OF KITTIES 
12/13/2024,35710,The Lord of the Rings: The War of the Rohirrim
12/13/2024,35432,Kraven The Hunter
12/20/2024,36234,Mufasa: The Lion King
12/20/2024,36149,Sonic The Hedgehog: 3
12/25/2024,37214,Nosferatu
12/25/2024,37816,A Complete Unknown
12/25/2024,37870,Babygirl
1/10/2025,37634,Den of Thieves 2: Pantera
1/17/2025,38021,One of Them Days
1/17/2025,38055,The Last Showgirl
1/17/2025,35587,Wolf Man
1/24/2025,37871,Presence
1/24/2025,37994,Saint-Exupéry
1/24/2025,37640,Flight Risk
1/31/2025,37340,Dog Man
1/31/2025,37600,Companion
2/7/2025,37442,Love Hurts
2/7/2025,37928,Heart Eyes
2/14/2025,36118,Captain America: Brave New World
2/14/2025,37112,Paddington in Peru
2/21/2025,38026,The Unbreakable Boy
2/21/2025,37901,The Monkey
2/21/2025,37683,Bambi : A Tale of Life in the Woods
2/28/2025,37349,Elli And Her Monster Team
2/28/2025,37714,Last Breath
2/28/2025,38188,Night of the Zoopocalypse
3/7/2025,36429,Mickey 17
3/14/2025,37942,Black Bag
3/14/2025,38288,The Day The Earth Blew Up: A Looney Tunes Movie
3/14/2025,37419,Novocaine
3/21/2025,36689,The Alto Knights
3/21/2025,36231,Disney's Snow White
3/28/2025,38171,Death of a Unicorn
3/28/2025,38057,A Working Man
3/28/2025,37601,The Woman in the Yard
4/4/2025,20866,A Minecraft Movie
4/11/2025,37602,Drop
4/11/2025,38301,Warfare
4/11/2025,36825,The Amateur
4/11/2025,38169,The King of Kings
4/13/2025,38364,Kaiju No. 8: Mission Recon
4/18/2025,38393,A Nice Indian Boy
4/18/2025,37459,Sinners
4/25/2025,38118,The Accountant 2
4/25/2025,37996,Until Dawn
