week,campaign_name,spend,impressions,clicks,channel,location_type
2024-10-18,TRR - Brand Refresh ,11750,312895,577,Programmatic,Canada - TRR
2024-10-25,TRR - Brand Refresh ,11750,312895,577,Programmatic,Canada - TRR
2024-11-01,TRR - Brand Refresh ,11750,312895,577,Programmatic,Canada - TRR
2024-11-08,TRR - Brand Refresh ,11750,312895,577,Programmatic,Canada - TRR
2024-11-15,TRR - Brand Refresh ,11750,312895,577,Programmatic,Canada - TRR
2024-11-22,TRR - Brand Refresh ,11750,312895,577,Programmatic,Canada - TRR
2024-11-29,TRR - Brand Refresh ,11750,312895,577,Programmatic,Canada - TRR
2024-12-06,TRR - Brand Refresh ,11750,312895,577,Programmatic,Canada - TRR
2024-12-13,TRR - Brand Refresh ,11750,312895,577,Programmatic,Canada - TRR
2024-12-20,TRR - Brand Refresh ,11750,312895,577,Programmatic,Canada - TRR
2024-12-27,TRR - Brand Refresh ,11750,312895,577,Programmatic,Canada - TRR
2025-01-03,TRR - Brand Refresh ,11750,312895,577,Programmatic,Canada - TRR
2025-02-28,Programmatic,1076.25,6790,33,Programmatic,Canada - TRR
2025-03-07,Programmatic,14541.75,92704,621,Programmatic,Canada - TRR
2025-03-14,Programmatic,13330.75,84367,549,Programmatic,Canada - TRR
2025-03-21,Programmatic,13392.75,84113,578,Programmatic,Canada - TRR
2025-03-28,Programmatic,7709.75,49164,367,Programmatic,Canada - TRR
2025-05-02,Cluep Cineplex,1118.43,50673.89,619.56,Programmatic,NL - TRR
2025-05-09,Cluep Cineplex,1118.43,50673.89,619.56,Programmatic,NL - TRR
2025-05-16,Cluep Cineplex,1118.43,50673.89,619.56,Programmatic,NL - TRR
2025-05-23,Cluep Cineplex,1118.43,50673.89,619.56,Programmatic,NL - TRR
2025-05-30,Cluep Cineplex,1118.43,50673.89,619.56,Programmatic,NL - TRR
2025-06-06,Cluep Cineplex,1118.43,50673.89,619.56,Programmatic,NL - TRR
2025-06-13,Cluep Cineplex,1118.43,50673.89,619.56,Programmatic,NL - TRR
2025-06-20,Cluep Cineplex,1118.43,50673.89,619.56,Programmatic,NL - TRR
2025-06-27,Cluep Cineplex,1118.43,50673.89,619.56,Programmatic,NL - TRR
2025-05-02,Cluep Cineplex,1699.32,99960.11,1107.67,Programmatic,LPL
2025-05-09,Cluep Cineplex,1699.32,99960.11,1107.67,Programmatic,LPL
2025-05-16,Cluep Cineplex,1699.32,99960.11,1107.67,Programmatic,LPL
2025-05-23,Cluep Cineplex,1699.32,99960.11,1107.67,Programmatic,LPL
2025-05-30,Cluep Cineplex,1699.32,99960.11,1107.67,Programmatic,LPL
2025-06-06,Cluep Cineplex,1699.32,99960.11,1107.67,Programmatic,LPL
2025-06-13,Cluep Cineplex,1699.32,99960.11,1107.67,Programmatic,LPL
2025-06-20,Cluep Cineplex,1699.32,99960.11,1107.67,Programmatic,LPL
2025-06-27,Cluep Cineplex,1699.32,99960.11,1107.67,Programmatic,LPL
