week,attendance,exh_revenue,cineclub_signups,website_visits
3/31/2023,1121979,25763954.71,3793,3230545
4/7/2023,1453442,36024136.78,4069,3663885
4/14/2023,929048,21883673.92,2785,2507275
4/21/2023,987972,22083408.89,2790,2802265
4/28/2023,875456,18967243.02,2672,2828781
5/5/2023,918280,22513944.38,2847,2809902
5/12/2023,735411,16971852.06,2241,2327524
5/19/2023,1028728,24623921.97,2874,3122275
5/26/2023,850487,19888636.25,2724,2709104
6/2/2023,1162681,27293006,3614,3501269
6/9/2023,1109851,25712193.54,3354,3215638
6/16/2023,997617,22603933.99,2931,2800301
6/23/2023,954806,20566012.08,2642,2677579
6/30/2023,1186840,26108584.65,3338,3390333
7/7/2023,1143457,24389751.86,3434,3439757
7/14/2023,1464416,30861712.08,5045,4443058
7/21/2023,2322272,53303212.28,7389,7668469
7/28/2023,1916347,43830572.43,5346,5431723
8/4/2023,1671953,37424433.77,4470,4316728
8/11/2023,1198897,25747535.65,3080,3342827
8/18/2023,1261104,22791151.12,2752,3770047
8/25/2023,1303425,24838916.72,2216,4719741
9/1/2023,879111,18462462.12,2144,3075180
9/8/2023,861624,17329391.759999998,1994,3223059
9/15/2023,550228,12300122.700000001,1946,2000797
9/22/2023,496335,10931347.88,1520,1886054
9/29/2023,600148,14039934.57,2116,2162309
10/6/2023,647306,14716724.120000001,1999,2283815
10/13/2023,520423,15243899.292000001,1840,2393948
10/20/2023,698924,15540092.99,2009,2737957
10/27/2023,695610,16439907.08,1729,2582352
11/3/2023,557036,13150684.23,1724,2310520
11/10/2023,683306,15921359.07,2272,2347388
11/17/2023,792256,19268660.23,2404,2491025
11/24/2023,718265,16766905.55,3790,2309448
12/1/2023,765711,17360893.8,2812,2875438
12/8/2023,644962,14698222.5,3303,2317168
12/15/2023,764257,17094383.480499998,3158,2285321
12/22/2023,1324880,29860433.8,4930,3250564
12/29/2023,1302725,28821241.98,3944,3033550
1/5/2024,712911,16136473.63,2407,2094300
1/12/2024,592549,13869136.79,2107,1954583
1/19/2024,571844,13315324.01,2218,1914072
1/26/2024,583665,13202922,2338,2057403
2/2/2024,590696,12322571.01,1809,2175307
2/9/2024,617377,13021531.219999999,2197,2232082
2/16/2024,850317,18286208.65,2368,2815422
2/23/2024,653720,13828538.04,2058,2295928
3/1/2024,891626,21936685.85,3708,2763871
3/8/2024,1197647,28344797,4128,2939929
3/15/2024,776538,18156461.42,2685,2230110
3/22/2024,847006,20039482.82,2943,2436959
3/29/2024,872134,21339646.96,2716,2331522
4/5/2024,573966,13698009.719999999,2064,1842679
4/12/2024,530451,12679591.72,1970,1799705
4/19/2024,495884,11602995.9,1884,1699004
4/26/2024,490223,11324161.2,1934,1765440
5/3/2024,535081,12975048.42,2170,1734859
5/10/2024,584882,14044295.77,2607,1753794
5/17/2024,771493,18489410.82,2834,1983436
5/24/2024,648251,15748639.92,2385,1791109
5/31/2024,522751,12321672.07,2003,1655387
6/7/2024,619364,14885873.879999999,2309,1870753
6/14/2024,1058724,25930442.4,3820,2611947
6/21/2024,1225419,27899450.96,3725,2990973
6/28/2024,1397754,32029451.87,4640,3255327
7/5/2024,1191744,27043927.09,3901,2712510
7/12/2024,1063845,23561414.32,3165,2491502
7/19/2024,1278870,30521661.32,4775,2990399
7/26/2024,1636408,43498592.96,6071,3742993
8/2/2024,1453150,36188298.72,5100,3303844
8/9/2024,1223343,30101784.07,4060,3224796
8/16/2024,1218306,29148437.450000003,4355,3110896
8/23/2024,790939,18783720.49,2560,2207616
8/30/2024,734729,16092788.47,2508,2265933
9/6/2024,641539,16366775.29,2415,2321781
9/13/2024,579289,14230796.79,2339,2000847
9/20/2024,582577,13896819.93,2540,1926062
9/27/2024,671838,16458906.14,2858,2048265
10/4/2024,564836,13731073.47,2321,1973611
10/11/2024,691870,15584737.08,2522,2304930
10/18/2024,631676,14928619.58,2329,2085019
10/25/2024,662274,16017277.11,2433,1980020
11/1/2024,661696,14888183.850000001,2654,2028935
11/8/2024,676728,15324783.83,2616,2275406
11/15/2024,728432,16497800.16,2863,2335518
11/22/2024,1126013,29373762.88,4339,3106825
11/29/2024,1148796,29403249.19,9591,2963863
12/6/2024,921544,22339921.13,4000,2627944
12/13/2024,831610,19552500.34,3799,2354806
12/20/2024,1331996,32551004.54,5522,3168193
12/27/2024,1703725,39456896.1,6251,3674032
1/3/2025,820750,18766578.98,3156,2261974
1/10/2025,686076,14421232.11,2309,2456207
1/17/2025,647752,13809515.51,2078,2322332
1/24/2025,630456,13153779.33,2159,2123435
1/31/2025,693168,14924407.99,2510,2157765
2/7/2025,720076,14604667.9,3294,2445686
2/14/2025,928001,22823833.58,4594,2601181
2/21/2025,565432,13175022.54,2534,1802667
2/28/2025,557451,12414919.72,1978,1860348
3/7/2025,642547,14231177.309999999,2296,2050420
3/14/2025,509219,11472522.370000001,1969,1770415
3/21/2025,531999,12507085.49,1913,1801692
3/28/2025,644346,14540722.18,2569,2024313
