week,transactions,revenue,trr_web_visits,pdm_web_visits
2023-03-31,156768.0,2622299.01,80556,13997
2023-04-07,144733.0,2588746.53,96178,13804
2023-04-14,142862.0,2330128.95,75981,10848
2023-04-21,146832.0,2528917.21,82950,13297
2023-04-28,136590.0,2281790.4,79629,13094
2023-05-05,128352.0,2106395.8,72296,11230
2023-05-12,118448.0,1834336.13,66786,10550
2023-05-19,124404.0,2158459.45,67385,12907
2023-05-26,115214.0,1803261.33,58507,9742
2023-06-02,123054.0,1999339.51,50695,11561
2023-06-09,139851.0,2144094.913,52833,12829
2023-06-16,164106.0,2573188.4,52717,12245
2023-06-23,143237.0,2365244.01,54142,15032
2023-06-30,127895.0,2517277.54,61753,21292
2023-07-07,129370.0,2433137.32,59601,18864
2023-07-14,145283.0,2771255.47,64734,20354
2023-07-21,138057.0,2611580.5,65006,20067
2023-07-28,149611.0,2711641.21,65747,19857
2023-08-04,138396.0,2736030.2,66928,20982
2023-08-11,149829.0,2805160.09,69803,19105
2023-08-18,154376.0,2926455.2,71044,19082
2023-08-25,150860.0,2791410.38,55455,17209
2023-09-01,121310.0,2316224.43,79102,13133
2023-09-08,115009.0,1974305.01,69148,12578
2023-09-15,130795.0,2126813.2199999997,65855,11573
2023-09-22,127682.0,2167201.77,62147,11349
2023-09-29,132994.0,2346049.4,67122,11729
2023-10-06,108662.0,2031120.41,71423,12723
2023-10-13,127501.0,2208744.36,78351,14226
2023-10-20,129765.0,2378952.15,123614,31834
2023-10-27,119231.0,1913586.81,109982,25982
2023-11-03,145138.0,2224710.97,97883,21809
2023-11-10,140223.0,2587987.31,83495,13816
2023-11-17,140161.0,2519392.12,84652,15128
2023-11-24,147792.0,2628665.75,80105,16346
2023-12-01,160426.0,2906434.69,91245,18010
2023-12-08,179802.0,3226946.76,89001,16801
2023-12-15,175092.0,3120805.96,93592,18465
2023-12-22,133819.0,2618160.17,116318,22780
2023-12-29,189628.0,3612811.91,131886,25321
2024-01-05,123906.0,2354872.9,67664,13998
2024-01-12,124940.0,2216815.41,40599,9749
2024-01-19,140178.0,2520539.22,42347,10879
2024-01-26,139028.0,2485727.83,45116,10667
2024-02-02,127480.0,2279629.62,51097,10071
2024-02-09,128964.0,2246621.72,56491,12448
2024-02-16,169944.0,3256743.97,63718,18816
2024-02-23,136384.0,2421910.14,52325,15704
2024-03-01,131248.0,2397024.96,54239,16740
2024-03-08,157811.0,3098668.72,61910,27005
2024-03-15,149657.0,2827847.95,51727,17899
2024-03-22,164029.0,3070427.7399999998,61212,21541
2024-03-29,140492.0,2764673.55,55239,20641
2024-04-05,135192.0,2473726.65,47645,17979
2024-04-12,131049.0,2349285.81,45445,17318
2024-04-19,126250.0,2346920.52,49691,18741
2024-04-26,134328.0,2482748.67,56523,18095
2024-05-03,111365.0,2030986.3800000001,56018,17333
2024-05-10,109954.0,1904034.28,51762,17766
2024-05-17,125848.0,2385321.01,54437,19299
2024-05-24,107750.0,1962390.92,52810,18266
2024-05-31,115067.0,1989532.6,37591,11869
2024-06-07,119007.0,2170645.43,39607,11399
2024-06-14,133713.0,2361482.66,40284,10782
2024-06-21,167253.0,2711583.07,45744,13027
2024-06-28,130521.0,2501658.05,46417,13134
2024-07-05,105630.0,2264830.5,41037,12863
2024-07-12,115959.0,2253944.5,45727,12598
2024-07-19,136503.0,2554962.56,52246,12638
2024-07-26,133521.0,2506002.41,48183,12938
2024-08-02,129159.0,2623775.09,49313,14604
2024-08-09,147143.0,2794906.65,46180,13303
2024-08-16,150337.0,2927367.45,39642,11092
2024-08-23,142510.0,2761339.37,36966,11278
2024-08-30,104412.0,2118752.33,39873,14289
2024-09-06,107550.0,1823071.8699999999,37663,12947
2024-09-13,118886.0,1923813.6300000001,36850,11440
2024-09-20,112805.0,2076916.3,34037,9693
2024-09-27,114611.0,2099228.27,38679,9544
2024-10-04,108091.0,1984985.93,41322,10528
2024-10-11,96456.0,1877062.32,40795,11800
2024-10-18,108701.0,1971556.43,46929,11282
2024-10-25,103415.0,1789122.29,2758,10976
2024-11-01,114956.0,2129352.66,414,9616
2024-11-08,138904.0,2622227.04,793,0
2024-11-15,131299.0,2285070.27,816,0
2024-11-22,145643.0,2630828.03,92,0
2024-11-29,151984.0,2904356.73,14,0
2024-12-06,167884.0,3064217.64,0,0
2024-12-13,180340.0,3426922.96,165,1
2024-12-20,147892.0,2898859.63,665,0
2024-12-27,228242.0,4479251.48,580,0
2025-01-03,129673.0,2679778.66,380,3
2025-01-10,128681.0,2435967.37,262,3
2025-01-17,153502.0,2950895.8,296,0
2025-01-24,144364.0,2721395.32,318,6
2025-01-31,140982.0,2550710.81,269,17
2025-02-07,132367.0,2496210.12,309,156
2025-02-14,171226.0,3377353.07,330,18
2025-02-21,153840.0,2872435.58,241,0
2025-02-28,141561.0,2735441.71,242,0
2025-03-07,174668.0,3674882.46,328,0
2025-03-14,162186.0,3252053.18,285,134
2025-03-21,161491.0,3130717.65,292,278
2025-03-28,161368.0,3305564.86,273,45
