week,mass_offer,summer,holiday
2023-03-31,1,0,0
2023-04-07,1,0,1
2023-04-14,1,0,0
2023-04-21,1,0,0
2023-04-28,1,0,0
2023-05-05,1,0,0
2023-05-12,1,0,0
2023-05-19,1,0,1
2023-05-26,1,0,0
2023-06-02,1,0,0
2023-06-09,1,0,0
2023-06-16,1,0,0
2023-06-23,0,0,0
2023-06-30,0,0,1
2023-07-07,0,1,0
2023-07-14,1,1,0
2023-07-21,1,1,0
2023-07-28,0,1,0
2023-08-04,0,1,0
2023-08-11,0,1,0
2023-08-18,0,1,0
2023-08-25,1,1,0
2023-09-01,1,0,0
2023-09-08,1,0,0
2023-09-15,0,0,0
2023-09-22,0,0,0
2023-09-29,0,0,0
2023-10-06,0,0,1
2023-10-13,1,0,0
2023-10-20,1,0,0
2023-10-27,1,0,0
2023-11-03,0,0,0
2023-11-10,0,0,0
2023-11-17,0,0,0
2023-11-24,0,0,0
2023-12-01,1,0,0
2023-12-08,1,0,0
2023-12-15,0,0,0
2023-12-22,0,0,1
2023-12-29,0,0,1
2024-01-05,0,0,0
2024-01-12,0,0,0
2024-01-19,0,0,0
2024-01-26,1,0,0
2024-02-02,1,0,0
2024-02-09,1,0,0
2024-02-16,1,0,1
2024-02-23,1,0,0
2024-03-01,0,0,0
2024-03-08,0,0,0
2024-03-15,0,0,0
2024-03-22,0,0,0
2024-03-29,0,0,1
2024-04-05,0,0,0
2024-04-12,0,0,0
2024-04-19,0,0,0
2024-04-26,0,0,0
2024-05-03,0,0,0
2024-05-10,0,0,0
2024-05-17,0,0,1
2024-05-24,0,0,0
2024-05-31,0,0,0
2024-06-07,0,0,0
2024-06-14,0,0,0
2024-06-21,0,0,0
2024-06-28,0,0,1
2024-07-05,1,1,0
2024-07-12,1,1,0
2024-07-19,0,1,0
2024-07-26,0,1,0
2024-08-02,0,1,0
2024-08-09,0,1,0
2024-08-16,0,1,0
2024-08-23,0,1,0
2024-08-30,1,1,0
2024-09-06,1,0,0
2024-09-13,0,0,0
2024-09-20,0,0,0
2024-09-27,0,0,0
2024-10-04,0,0,0
2024-10-11,0,0,1
2024-10-18,0,0,0
2024-10-25,0,0,0
2024-11-01,1,0,0
2024-11-08,1,0,0
2024-11-15,0,0,0
2024-11-22,0,0,0
2024-11-29,0,0,0
2024-12-06,0,0,0
2024-12-13,0,0,0
2024-12-20,0,0,1
2024-12-27,0,0,1
2025-01-03,0,0,0
2025-01-10,1,0,0
2025-01-17,1,0,0
2025-01-24,1,0,0
2025-01-31,1,0,0
2025-02-07,1,0,0
2025-02-14,0,0,1
2025-02-21,0,0,0
2025-02-28,0,0,0
2025-03-07,0,0,0
2025-03-14,0,0,0
2025-03-21,0,0,0
2025-03-28,0,0,0
