week,summer,holiday,releases,mass_exh,mass_film,mass_store,sem_cineclub,sem_exhibition,sem_enhanced,meta_event,meta_brand,meta_film,programmatic_brand,programmatic_enhanced,programmatic_performance,social_film,social_performance,pr_spend,website_visits,cineclub_signups,attendance
2023-03-31,0,0,3.0,0,1,1,0.0,3316.28,0.0,875.02,880.2,7780.03,162.82046548726217,0.0,0.0,9308.83627,0.0,0.0,3325098,3791,1121979
2023-04-07,0,1,0.0,0,1,1,0.0,5039.9800000000005,0.0,818.73,1251.14,7473.5,0.0,0.0,0.0,13464.058036,0.0,0.0,3773867,4066,1453442
2023-04-14,0,0,3.0,0,1,1,0.0,2386.7400000000002,0.0,1143.72,3745.37,3571.9100000000003,0.0,0.0,0.0,4392.93833,0.0,0.0,2594104,2785,929048
2023-04-21,0,0,3.0,1,0,1,0.0,4725.67,0.0,2039.82,3691.67,1145.76,1400.0161951213122,0.0,0.0,1194.168331,0.0,0.0,2898512,2783,987972
2023-04-28,0,0,7.0,1,0,1,375.74,3055.8,1969.21,578.08,3700.2799999999997,3306.0,1600.488124057981,0.0,0.0,1155.12199,0.0,0.0,2921504,2670,875456
2023-05-05,0,0,2.0,0,0,1,695.74,6121.4,1875.99,338.38,3770.42,9771.75,1566.3440415811224,1804.7633549103,0.0,9320.329126,0.0,0.0,2893428,2844,918280
2023-05-12,0,0,2.0,0,1,1,591.5,8332.98,1443.76,827.5,3701.57,11480.89,1519.9005120548973,3395.2366451253,0.0,13925.117938,0.0,0.0,2404860,2239,735411
2023-05-19,0,1,2.0,0,1,1,522.71,11006.52,2793.66,1684.78,3868.88,9140.56,1507.5713315243645,0.0,0.0,15954.486431,0.0,0.0,3202567,2874,1028728
2023-05-26,0,0,4.0,0,0,1,421.5,10492.78,2504.64,887.71,3791.5299999999997,9414.95,1785.3825302842974,0.0,0.0,10726.705385000001,0.0,0.0,2777353,2720,850487
2023-06-02,0,0,2.0,0,0,1,443.44,12391.0,3906.3500000000004,469.47,3764.1099999999997,7814.820000000001,2872.3451449907147,0.0,0.0,12077.194387,0.0,0.0,3563525,3612,1162681
2023-06-09,0,0,1.0,0,1,0,470.77,8174.09,4488.62,643.49,3695.65,10837.34,2766.2428025155546,0.0,0.0,14204.43119,0.0,0.0,3281300,3353,1109851
2023-06-16,0,0,2.0,0,1,0,411.56,15297.83,2620.55,1190.52,3586.58,16072.0,2866.6386296158767,0.0,0.0,20378.886739999998,0.0,0.0,2865263,2930,997617
2023-06-23,0,0,1.0,0,0,0,431.05,11874.04,2669.88,1101.75,3073.69,20575.29,2523.3330849373147,0.0,0.0,7253.742967,0.0,0.0,2746753,2638,954806
2023-06-30,0,1,2.0,0,0,0,426.66,5203.82,1903.6499999999999,96.81,0.0,6967.18,205.03613141448815,0.0,0.0,5295.096275,0.0,0.0,3473378,3338,1186840
2023-07-07,1,0,4.0,0,0,0,470.76,11381.789999999999,1435.67,213.14,2490.68,8188.13,0.0,0.0,0.0,5798.983037,0.0,0.0,3518222,3432,1143457
2023-07-14,1,0,0.0,0,1,0,411.67,4768.96,3785.19,910.79,3677.6099999999997,7844.030000000001,0.177455813868128,0.0,0.0,7709.785191,0.0,0.0,4528146,5039,1464416
2023-07-21,1,0,2.0,0,1,0,412.65,4915.3,935.71,1306.52,3628.94,11917.65,1354.5931528945061,3470.2021810062997,0.0,7633.544392,0.0,0.0,7753542,7386,2322272
2023-07-28,1,0,4.0,0,0,0,398.01,4609.07,0.0,1006.22,3611.31,11956.65,1666.0822605837443,6909.3098723279,0.0,2097.624283,0.0,0.0,5517327,5342,1916347
2023-08-04,1,0,1.0,0,0,0,447.35,3714.73,0.0,353.76,3591.5699999999997,10434.18,1543.2267897480208,2270.4879466657003,0.0,791.759808,0.0,0.0,4404638,4463,1671953
2023-08-11,1,0,2.0,0,0,0,454.07,3500.56,1507.8400000000001,877.6500000000001,3567.03,5029.71,1404.0145319860242,0.0,0.0,2548.0683129999998,0.0,0.0,3431735,3078,1198897
2023-08-18,1,0,2.0,0,0,0,446.09000000000003,3142.48,4306.5,904.72,3676.81,6487.15,1043.2219225067442,0.0,0.0,858.049741,0.0,0.0,3860173,2752,1261104
2023-08-25,1,0,1.0,1,0,0,401.29,3066.5,3125.53,751.39,3589.92,4760.78,214.4640071737752,0.0,0.0,2181.046821,0.0,0.0,4792405,2212,1303425
2023-09-01,0,1,2.0,1,0,0,456.28000000000003,4366.14,0.0,831.18,15445.39,8951.05,178.34829012768395,0.0,0.0,1643.2569760000001,0.0,0.0,3167415,2141,879111
2023-09-08,0,0,3.0,1,0,0,645.24,5872.81,0.0,1453.08,19251.329999999998,8981.61,155.6931769435591,0.0,0.0,505.02413800000005,0.0,0.0,3304785,1993,861624
2023-09-15,0,0,1.0,0,0,0,811.41,3089.4,0.0,2328.8599999999997,3636.02,2773.12,176.96328288012123,0.0,0.0,0.0,0.0,0.0,2078225,1945,550228
2023-09-22,0,0,2.0,0,0,0,600.27,2743.72,0.0,2007.88,3661.3900000000003,5365.56,761.5216732214108,0.0,0.0,0.0,0.0,0.0,1959550,1517,496335
2023-09-29,0,0,3.0,0,0,0,354.72,2358.27,0.0,381.04,3621.05,9098.43,3959.765346115116,0.0,0.0,0.0,0.0,0.0,2241160,2116,600148
2023-10-06,0,1,1.0,0,0,0,423.48,2443.77,0.0,1578.3000000000002,3572.38,7725.93,3481.420247481784,0.0,0.0,0.0,0.0,0.0,2367961,1998,647306
2023-10-13,0,0,1.0,1,0,0,335.6,2794.77,0.0,1877.12,3520.83,3654.1099999999997,2595.683766907864,0.0,0.0,0.0,0.0,0.0,2486525,1838,520423
2023-10-20,0,0,1.0,1,0,0,389.22,4034.83,0.0,1263.63,1982.6100000000001,2844.8,2410.234806881441,0.0,0.0,0.0,0.0,0.0,2893405,2005,698924
2023-10-27,0,0,2.0,1,0,0,327.25,3848.21,0.0,214.84,4440.69,3859.54,2531.253200216785,0.0,0.0,0.0,0.0,0.0,2718316,1729,695610
2023-11-03,0,0,1.0,0,0,0,473.03,3239.1800000000003,1288.97,0.0,7784.7,3687.7,2700.958555869589,0.0,0.0,0.0,0.0,0.0,2430212,1724,557036
2023-11-10,0,0,2.0,0,0,0,439.26,5019.48,4785.57,1911.67,9228.93,7010.42,2087.3961528823447,23.29391462497361,0.0,3823.785843,0.0,0.0,2444699,2271,683306
2023-11-17,0,0,6.0,0,0,0,389.63,6423.47,4702.05,2257.13,10829.57,13738.14,650.0228709070971,128.38053529795187,0.0,5222.953392,0.0,0.0,2590805,2394,792256
2023-11-24,0,0,1.0,0,0,0,374.91,6572.58,702.61,4096.76,25099.01,14003.52,547.3253501089695,159.46933644792966,0.0,2600.501953,0.0,0.0,2405899,3782,718265
2023-12-01,0,0,1.0,1,0,0,258.31,7377.63,225.94,4847.23,42222.92,3831.7000000000003,657.4707598657211,187.66822862333612,0.0,533.135333,0.0,0.0,2984693,2811,765711
2023-12-08,0,0,1.0,1,0,0,284.29,4775.35,3045.43,2718.41,41896.520000000004,3846.1099999999997,770.8328722315736,2022.3373683830305,0.0,0.0,0.0,0.0,2422970,3298,644962
2023-12-15,0,0,2.0,0,0,0,419.0,7883.72,4766.7,400.77,40607.75,15535.75,865.8240979693304,6893.13520242111,0.0,0.0,0.0,0.0,2397378,3157,764257
2023-12-22,0,1,7.0,0,0,0,589.22,9753.96,3059.49,0.0,39632.62,23199.59,775.1620742856107,13244.480462914598,0.0,7976.628769,0.0,0.0,3389662,4927,1324880
2023-12-29,0,1,1.0,0,0,0,211.21,6648.54,0.0,1026.03,34544.32,17414.100000000002,862.9010101793456,13465.265927287068,0.0,7490.089884,0.0,1698.1132078,3190757,3940,1302725
2024-01-05,0,0,1.0,0,0,0,0.0,3146.39,1055.76,1212.87,5065.93,3783.6,291.36196520220403,0.0,0.0,3700.968116,0.0,1698.1132078,2175962,2404,712911
2024-01-12,0,0,3.0,0,0,0,0.0,1305.62,3329.73,1184.21,3655.33,9293.359999999999,20.267136776551396,0.0,0.0,0.0,0.0,26698.1132078,2004931,2106,592549
2024-01-19,0,0,1.0,0,0,0,0.0,1765.3600000000001,197.65,1222.11,3708.54,2565.9300000000003,100.74086183309196,0.0,0.0,0.0,0.0,1698.1132078,1967298,2215,571844
2024-01-26,0,0,0.0,1,0,0,0.0,1719.25,2297.57,1003.81,3587.2,2947.68,295.38322631607065,0.0,0.0,0.0,0.0,1698.1132078,2113186,2335,583665
2024-02-02,0,0,1.0,1,0,0,0.0,1622.1,2533.92,1423.54,10401.31,8716.470000000001,709.4635558906801,0.0,0.0,0.0,0.0,1698.1132078,2236475,1807,590696
2024-02-09,0,0,3.0,1,0,0,672.3,2195.8,2468.14,2742.08,26455.21,9570.84,1141.2779660914912,0.0,0.0,0.0,0.0,1698.1132078,2301021,2194,617377
2024-02-16,0,1,2.0,1,0,0,778.52,4140.38,1661.8600000000001,2702.26,44937.950000000004,10822.81,949.0314879116492,0.0,0.0,0.0,0.0,1698.1132078,2897956,2360,850317
2024-02-23,0,0,2.0,1,0,0,892.28,2974.0099999999998,2009.33,1596.06,35984.87,11594.27,947.8753614442201,2599.992365684337,0.0,0.0,0.0,1698.1132078,2363957,2056,653720
2024-03-01,0,0,3.0,0,0,0,712.43,4971.41,2058.9,839.17,13598.44,20806.63,1109.8341242061736,3852.154492144607,0.0,0.0,0.0,1698.1132078,2834850,3707,891626
2024-03-08,0,0,2.0,0,0,0,300.55,6391.02,648.99,1254.97,12352.21,21334.72,1174.6744114446483,1547.318506845004,0.0,0.0,0.0,1698.1132078,3028844,4122,1197647
2024-03-15,0,0,0.0,0,0,0,265.55,3765.69,0.0,1245.85,12162.6,12933.740000000002,2563.68800061616,0.0,0.0,0.0,0.0,1698.1132078,2299736,2683,776538
2024-03-22,0,0,2.0,0,0,0,372.35,3693.9,1721.73,0.0,12299.69,17363.050000000003,3786.339456408612,464.66975210423647,0.0,0.0,0.0,2698.1132078,2519712,2936,847006
2024-03-29,0,1,1.0,0,0,0,235.85,1762.75,1738.9,0.0,5976.219999999999,18041.33,1391.284617750801,3147.865224907522,0.0,0.0,0.0,2698.1132078,2407402,2707,872134
2024-04-05,0,0,2.0,0,0,0,0.0,816.35,3800.64,0.0,703.6800000000001,13984.31,0.0,4367.073961867013,0.0,0.0,0.0,2698.1132078,1908303,2063,573966
2024-04-12,0,0,1.0,0,0,0,0.0,260.86,2127.47,0.0,0.0,6854.96,0.01709446602445692,0.0,0.0,1447.7600000000002,0.0,2698.1132078,1862468,1968,530451
2024-04-19,0,0,4.0,0,0,0,0.0,0.0,284.1,0.0,0.0,7360.31,0.006137859587761322,0.09525544727983504,0.0,12908.18,3044.86,2698.1132078,1767436,1881,495884
2024-04-26,0,0,3.0,0,0,0,0.0,1749.7,1527.78,0.0,0.0,44354.64,0.0,0.0,0.0,37383.0,3658.89,2698.1132078,1840058,1930,490223
2024-05-03,0,0,2.0,0,0,0,0.0,4133.95,5522.96,0.0,0.0,13758.07,0.0,0.0,1706.257135793379,24048.58,3194.48,2698.1132078,1808210,2168,535081
2024-05-10,0,0,2.0,0,0,0,0.0,3824.52,2156.86,0.0,0.0,6117.28,0.0,0.0,5636.891025844144,0.0,4324.49,5448.1132078,1823322,2607,584882
2024-05-17,0,1,3.0,0,0,0,0.0,2858.85,2656.02,0.0,0.0,0.0,0.0,0.0,5426.148786675904,0.0,4368.58,2698.1132078,2057172,2831,771493
2024-05-24,0,0,2.0,0,0,0,0.0,1902.88,2154.74,0.0,0.0,0.0,0.0,0.0,6029.259187988923,0.0,3843.0,2698.1132078,1862185,2378,648251
2024-05-31,0,0,0.0,0,0,0,0.0,1944.08,0.0,0.0,0.0,0.0,0.0,0.0,6407.838722938299,0.0,3775.44,1698.1132078,1704847,2000,522751
2024-06-07,0,0,2.0,0,0,0,0.0,2687.04,0.0,0.0,0.0,0.0,0.0,0.0,6123.100535178761,0.0,3572.36,1698.1132078,1921759,2307,619364
2024-06-14,0,0,1.0,0,0,0,0.0,3668.96,0.0,0.0,0.0,0.0,0.0,0.0,5925.8681590329525,0.0,3878.84,1698.1132078,2663013,3818,1058724
2024-06-21,0,0,2.0,0,0,0,0.0,2032.46,1849.55,0.0,0.0,0.0,0.0,0.0,5702.468774190024,0.0,2765.52,1698.1132078,3049744,3719,1225419
2024-06-28,0,1,3.0,0,0,0,0.0,1949.91,3103.89,0.0,0.0,0.0,0.0,0.0,5337.249048592847,0.0,1686.81,1698.1132078,3314878,4639,1397754
2024-07-05,1,0,0.0,1,0,0,0.0,1099.31,0.0,0.0,17571.22,0.0,0.0,0.0,12272.791705710582,0.0,5685.51,1698.1132078,2766410,3899,1191744
2024-07-12,1,0,2.0,1,0,0,0.0,2697.43,297.65,0.0,10730.67,0.0,0.0,0.0,9328.279756766904,0.0,4743.36,1698.1132078,2549827,3155,1063845
2024-07-19,1,0,1.0,0,0,0,0.0,5082.9400000000005,513.68,0.0,0.0,1809.71,0.0,0.0,7335.055326311323,0.0,4147.55,1698.1132078,3055283,4773,1278870
2024-07-26,1,0,1.0,0,0,0,0.0,5154.26,1179.13,0.0,0.0,8350.86,0.0,0.0,7169.949630709842,0.0,4812.21,1698.1132078,3804114,6068,1636408
2024-08-02,1,0,2.0,0,0,0,0.0,3043.26,3644.59,0.0,0.0,6444.47,0.0,0.0,7095.856747439114,0.0,5051.8,1698.1132078,3367761,5097,1453150
2024-08-09,1,0,2.0,0,0,0,0.0,1567.47,374.94,0.0,0.0,7152.31,0.0,0.0,6898.432081561542,0.0,4405.3099999999995,1698.1132078,3284279,4056,1223343
2024-08-16,1,0,1.0,0,0,0,0.0,1670.42,303.27,0.0,1041.8,6403.45,0.0,0.0,6621.406921347556,0.0,4327.61,1698.1132078,3161630,4348,1218306
2024-08-23,1,0,2.0,0,0,0,2.08,1867.14,241.8,0.0,3175.96,0.0,0.0,0.0,6443.017120872552,0.0,4060.03,5031.4465408,2255860,2557,790939
2024-08-30,1,1,2.0,1,0,0,957.04,827.27,0.0,0.0,3145.76,1498.7,0.0,0.0,6131.363129357732,0.0,2266.9300000000003,5031.4465408,2320095,2508,734729
2024-09-06,0,0,2.0,1,0,0,945.9300000000001,2294.22,2199.05,0.0,7398.35,7865.32,0.0,0.0,5971.723935875615,0.0,5537.75,5031.4465408,2372391,2415,641539
2024-09-13,0,0,3.0,0,0,0,1151.66,1604.08,1968.04,0.0,9831.27,5730.32,0.0,0.0,5661.08174663104,0.0,5423.48,1698.1132078,2049137,2338,579289
2024-09-20,0,0,3.0,0,0,0,977.53,1692.15,0.0,0.0,23785.56,1722.92,0.0,0.0,5186.594477913235,0.0,6556.05,1698.1132078,1969792,2537,582577
2024-09-27,0,0,2.0,0,0,0,1192.62,2282.2,1327.28,0.0,30063.13,8834.74,0.0,1380.9204355949946,4453.2841553666485,0.0,4702.33,1698.1132078,2096488,2854,671838
2024-10-04,0,0,3.0,0,0,0,1162.57,1748.82,1901.86,0.0,26991.15,13024.759999999998,0.0,4525.812072605361,4524.39460211981,0.0,3883.508347,9582.7285928,2025461,2318,564836
2024-10-11,0,1,0.0,0,0,0,1130.54,1634.56,1030.64,0.0,7443.599999999999,7980.009999999999,0.0,1335.9341665355162,7078.995805993679,0.0,4647.7026590000005,9582.7285928,2357525,2519,691870
2024-10-18,0,0,1.0,0,0,0,732.58,1362.79,787.4300000000001,0.0,4168.49,12738.3,0.0,4033.4353707627015,6734.022099897403,0.0,4171.159707,9582.7285928,2143230,2328,631676
2024-10-25,0,0,2.0,0,0,0,996.1700000000001,1638.59,1939.21,0.0,4156.97,13275.079999999998,0.0,3672.875887526931,6800.264319598133,0.0,4802.288101,9582.7285928,1993754,2432,662274
2024-11-01,0,0,1.0,1,0,0,0.0,915.82,894.0,0.0,15517.4,6287.1,0.0,1259.5365444494964,8952.603345322754,0.0,4319.234355,9582.7285928,2038965,2643,661696
2024-11-08,0,0,3.0,1,0,0,0.0,2078.72,0.0,0.0,22349.78,6394.99,0.0,0.0,9256.029939035023,0.0,4086.9661880000003,9582.7285928,2276199,2615,676728
2024-11-15,0,0,1.0,0,0,0,1437.47,2610.05,2041.6200000000001,0.0,4134.98,12085.57,0.0,0.0,8983.605723647888,0.0,3623.95,12916.0619258,2336334,2854,728432
2024-11-22,0,0,3.0,0,0,0,4248.55,2998.1,5016.05,0.0,7817.01,12363.96,0.0,0.0,7510.11465025269,0.0,5724.869329,12916.0619258,3106917,4335,1126013
2024-11-29,0,0,0.0,0,0,0,2263.5299999999997,5528.04,1790.15,0.0,8705.61,6016.59,0.0,0.0,7053.85648566639,0.0,5800.674120000001,12916.0619258,2963877,9586,1148796
2024-12-06,0,0,1.0,0,0,0,1947.38,4133.25,0.0,0.0,8646.8,4720.89,0.0,0.0,6761.0617019631745,0.0,4809.060108,9582.7285928,2627944,3998,921544
2024-12-13,0,0,2.0,0,0,0,2771.38,4552.61,0.0,0.0,8925.92,4696.51,0.0,0.0,6171.0414341095275,0.0,5685.419202,12916.0619258,2354972,3796,831610
2024-12-20,0,1,5.0,0,0,0,7024.2300000000005,8180.99,0.0,0.0,8793.82,4019.68,0.0,0.0,5175.210629627226,0.0,6086.38,12916.0619258,3168858,5517,1331996
2024-12-27,0,1,0.0,0,0,0,5640.43,7763.37,0.0,0.0,7595.92,3924.02,0.0,0.0,4563.08222240684,0.0,5499.8,12916.0619258,3674612,6243,1703725
2025-01-03,0,0,0.0,0,0,0,2813.46,3507.78,0.0,0.0,5142.17,543.58,0.0,0.0,1566.4519934126954,0.0,546.1032889999999,7884.615384999999,2262357,3155,820750
2025-01-10,0,0,1.0,1,0,0,219.13,0.0,0.0,0.0,4345.74,619.09,0.0,0.0,0.022824125940516405,0.0,0.0,7884.615384999999,2456472,2307,686076
2025-01-17,0,0,3.0,1,0,0,138.09,3875.13,0.0,0.0,0.0,2935.6,0.0,0.0,3797.3051253993453,0.0,2078.22,7884.615384999999,2322628,2076,647752
2025-01-24,0,0,3.0,1,0,0,134.66,3830.89,0.0,0.0,0.0,2933.8,0.0,0.0,6205.75490172145,0.0,2582.94,7884.615384999999,2123759,2159,630456
2025-01-31,0,0,2.0,1,0,0,625.46,4130.18,0.0,0.0,19253.25,4197.95,0.0,0.0,6373.858694556198,0.0,3211.79,7884.615384999999,2158051,2504,693168
2025-02-07,0,0,2.0,1,0,0,1308.18,2733.45,1397.42,0.0,10928.74,8991.17,0.0,0.0,6164.280818404741,0.0,2789.1499999999996,7884.615384999999,2446151,3287,720076
2025-02-14,0,1,2.0,0,0,0,1332.11,2568.7400000000002,2433.68,0.0,0.0,9332.779999999999,0.0,0.0,6821.424567151714,0.0,4334.8,7884.615384999999,2601529,4590,928001
2025-02-21,0,0,3.0,0,0,0,1336.59,3006.0099999999998,769.05,0.0,1475.87,4175.91,0.0,0.0,7216.98523915065,0.0,4255.92,7884.615384999999,1802908,2530,565432
2025-02-28,0,0,3.0,0,0,0,1145.03,3964.77,0.0,0.0,1814.6799999999998,3023.59,0.0,0.0,2678.552245416751,0.0,3153.9,7884.615384999999,1860590,1978,557451
2025-03-07,0,0,1.0,0,0,0,1396.28,2847.32,0.0,0.0,1770.0900000000001,2946.47,0.0,0.0,5946.608527366095,0.0,2469.9,7884.615384999999,2050748,2295,642547
2025-03-14,0,0,3.0,0,0,0,1011.84,2419.32,1592.58,0.0,1880.96,4440.66,0.0,0.0,3209.0662870752817,0.0,2328.74,7884.615384999999,1770834,1967,509219
2025-03-21,0,0,2.0,0,0,0,933.45,2372.25,2405.06,0.0,1848.85,6747.57,0.0,0.0,5074.036157638686,0.0,5076.74,7884.615384999999,1802262,1913,531999
2025-03-28,0,0,3.0,0,0,0,1276.86,3392.96,1634.76,0.0,624.86,12098.88,0.0,0.0,5406.18060675229,0.0,5931.38,7884.615384999999,2024631,2573,644346
