week,summer,holiday,releases,mass_exh,mass_film,mass_store,sem_exhibition,sem_gne,meta_brand,meta_gne,programmatic_brand,programmatic_enhanced,programmatic_film,programmatic_prepaid,social_gne,pr_spend,website_visits,cineclub_signups,attendance
2023-03-31,0,0,3.0,0,1,1,7438.12,0.0,3662.33,0.0,534.7912160008476,0.0,0.0,0.0,0.0,0.0,3325098,3791,1121979
2023-04-07,0,1,0.0,0,1,1,2727.9,0.0,3551.3199999999997,0.0,0.0,0.0,0.0,0.0,0.0,0.0,3773867,4066,1453442
2023-04-14,0,0,3.0,0,1,1,2397.56,0.0,6406.530000000001,0.0,0.0,0.0,0.0,0.0,0.0,0.0,2594104,2785,929048
2023-04-21,0,0,3.0,1,0,1,2049.62,0.0,6482.51,0.0,1642.5998598820993,0.0,0.0,0.0,0.0,0.0,2898512,2783,987972
2023-04-28,0,0,7.0,1,0,1,3911.31,0.0,6311.780000000001,0.0,2201.338280032167,0.0,0.0,0.0,0.0,0.0,2921504,2670,875456
2023-05-05,0,0,2.0,0,0,1,3847.21,0.0,6407.74,0.0,2097.4852123384408,0.0,0.0,0.0,0.0,0.0,2893428,2844,918280
2023-05-12,0,0,2.0,0,1,1,3906.91,108.11,6913.58,0.0,2054.453099779382,0.0,0.0,0.0,0.0,0.0,2404860,2239,735411
2023-05-19,0,1,2.0,0,1,1,2243.77,189.53,7557.03,0.0,1929.0105548377458,0.0,0.0,0.0,0.0,0.0,3202567,2874,1028728
2023-05-26,0,0,4.0,0,0,1,1994.72,171.33,7325.139999999999,0.0,2017.549497535188,0.0,0.0,0.0,0.0,0.0,2777353,2720,850487
2023-06-02,0,0,2.0,0,0,1,896.19,215.21,7247.15,0.0,1973.9767314579894,0.0,0.0,0.0,1276.800003,0.0,3563525,3612,1162681
2023-06-09,0,0,1.0,0,1,0,1790.14,174.39000000000001,7163.92,0.0,1788.568626695265,0.0,0.0,0.0,1948.52,0.0,3281300,3353,1109851
2023-06-16,0,0,2.0,0,1,0,1647.61,193.16,6068.969999999999,0.0,1707.5658016375571,0.0,0.0,0.0,1945.35,0.0,2865263,2930,997617
2023-06-23,0,0,1.0,0,0,0,1392.71,179.58,5287.52,0.0,1410.8600552882338,0.0,0.0,0.0,1943.0,0.0,2746753,2638,954806
2023-06-30,0,1,2.0,0,0,0,364.33,185.11,0.0,0.0,142.602948579855,0.0,0.0,0.0,1973.430002,0.0,3473378,3338,1186840
2023-07-07,1,0,4.0,0,0,0,3174.5499999999997,152.84,2756.03,0.0,0.0,0.0,0.0,0.0,1993.100002,0.0,3518222,3432,1143457
2023-07-14,1,0,0.0,0,1,0,15518.29,193.98,4173.23,0.0,0.19626344251217082,0.0,0.0,0.0,1965.060002,0.0,4528146,5039,1464416
2023-07-21,1,0,2.0,0,1,0,0.0,165.25,4146.84,0.0,1794.783457680733,0.0,0.0,0.0,1959.399999,0.0,7753542,7386,2322272
2023-07-28,1,0,4.0,0,0,0,0.0,175.16,4256.19,0.0,1976.4708305089425,0.0,0.0,0.0,1919.32,0.0,5517327,5342,1916347
2023-08-04,1,0,1.0,0,0,0,0.0,176.6,4193.95,0.0,2182.262613510876,0.0,0.0,0.0,1941.489999,0.0,4404638,4463,1671953
2023-08-11,1,0,2.0,0,0,0,0.0,178.48,4177.41,0.0,2175.679854754733,0.0,0.0,0.0,1881.9500010000002,0.0,3431735,3078,1198897
2023-08-18,1,0,2.0,0,0,0,0.0,194.87,4226.58,0.0,2096.780007563825,0.0,0.0,0.0,1910.929999,0.0,3860173,2752,1261104
2023-08-25,1,0,1.0,1,0,0,0.0,150.87,4187.82,0.0,2019.495742177786,0.0,0.0,0.0,1930.229999,0.0,4792405,2212,1303425
2023-09-01,0,1,2.0,1,0,0,0.0,218.64,11872.009999999998,0.0,2000.9645696996834,0.0,0.0,0.0,1906.829997,0.0,3167415,2141,879111
2023-09-08,0,0,3.0,1,0,0,618.54,201.96,15319.91,0.0,1876.8798896079666,0.0,0.0,0.0,1906.24,0.0,3304785,1993,861624
2023-09-15,0,0,1.0,0,0,0,10043.060000000001,198.85999999999999,4154.94,0.0,1890.796620997498,0.0,0.0,0.0,1912.6200000000001,0.0,2078225,1945,550228
2023-09-22,0,0,2.0,0,0,0,25472.54,191.14000000000001,4169.12,0.0,1856.0421207925274,0.0,0.0,0.0,2435.920001,0.0,1959550,1517,496335
2023-09-29,0,0,3.0,0,0,0,1821.39,167.92000000000002,4208.78,0.0,1942.0299670282068,0.0,0.0,0.0,2681.710001,0.0,2241160,2116,600148
2023-10-06,0,1,1.0,0,0,0,0.0,170.56,4201.14,0.0,1777.7013691850284,0.0,0.0,0.0,2767.49,0.0,2367961,1998,647306
2023-10-13,0,0,1.0,1,0,0,0.0,168.39000000000001,4140.54,0.0,1835.2442759721123,0.0,0.0,0.0,2715.009998,0.0,2486525,1838,520423
2023-10-20,0,0,1.0,1,0,0,0.0,161.62,4002.32,0.0,1767.7930255772305,0.0,0.0,0.0,2776.679998,0.0,2893405,2005,698924
2023-10-27,0,0,2.0,1,0,0,0.0,140.51,4574.72,0.0,1657.9567876541596,0.0,0.0,0.0,2758.929998,0.0,2718316,1729,695610
2023-11-03,0,0,1.0,0,0,0,0.0,178.6,7436.139999999999,0.0,2734.3848084015635,0.0,0.0,0.0,2768.590001,0.0,2430212,1724,557036
2023-11-10,0,0,2.0,0,0,0,0.0,185.27,9481.72,0.0,3090.7502685253335,923.4753043521121,0.0,0.0,2839.410001,0.0,2444699,2271,683306
2023-11-17,0,0,6.0,0,0,0,0.0,175.05,11338.61,0.0,2818.015582167296,2775.726507456541,0.0,0.0,2776.34,0.0,2590805,2394,792256
2023-11-24,0,0,1.0,0,0,0,0.0,187.06,11536.970000000001,0.0,3137.966128658196,3063.6558181220516,0.0,1388.9718076352426,2391.15,0.0,2405899,3782,718265
2023-12-01,0,0,1.0,1,0,0,0.0,191.54,15065.73,0.0,2667.0092966994252,3361.306340460383,0.0,3595.579724949004,2827.39,0.0,2984693,2811,765711
2023-12-08,0,0,1.0,1,0,0,0.0,187.23,12099.05,0.0,3020.3477980655407,3128.238839043614,0.0,3395.810096591036,1446.02,0.0,2422970,3298,644962
2023-12-15,0,0,2.0,0,0,0,0.0,172.95,11272.810000000001,0.0,2960.6674705046057,3090.9818016415416,0.0,3111.824065891896,277.46,0.0,2397378,3157,764257
2023-12-22,0,1,7.0,0,0,0,0.0,206.57,11259.87,0.0,2654.229822185542,2915.935044126493,0.0,2696.1308457569744,4660.58,0.0,3389662,4927,1324880
2023-12-29,0,1,1.0,0,0,0,0.0,63.44,6542.61,0.0,3182.8136605646146,1006.8783217972643,0.0,811.5771281758472,1039.62,1698.1132078,3190757,3940,1302725
2024-01-05,0,0,1.0,0,0,0,0.0,0.0,1827.53,0.0,1079.8633634672212,0.0,0.0,0.0,0.0,1698.1132078,2175962,2404,712911
2024-01-12,0,0,3.0,0,0,0,0.0,0.0,3139.57,0.0,417.75546611089624,0.0,0.0,0.0,0.0,26698.1132078,2004931,2106,592549
2024-01-19,0,0,1.0,0,0,0,0.0,0.0,3113.04,0.0,2110.15350777254,0.0,0.0,0.0,0.0,1698.1132078,1967298,2215,571844
2024-01-26,0,0,0.0,1,0,0,0.0,0.0,3013.07,0.0,2870.770706792036,0.0,0.0,0.0,0.0,1698.1132078,2113186,2335,583665
2024-02-02,0,0,1.0,1,0,0,0.0,0.0,3043.87,0.0,2768.5796615266363,0.0,0.0,0.0,0.0,1698.1132078,2236475,1807,590696
2024-02-09,0,0,3.0,1,0,0,0.0,0.0,3068.45,0.0,2774.448910302601,0.0,0.0,0.0,0.0,1698.1132078,2301021,2194,617377
2024-02-16,0,1,2.0,1,0,0,0.0,0.0,3033.79,0.0,2697.3683869991523,0.0,0.0,0.0,0.0,1698.1132078,2897956,2360,850317
2024-02-23,0,0,2.0,1,0,0,0.0,0.0,3451.3500000000004,0.0,2567.3663004610307,0.0,0.0,0.0,0.0,1698.1132078,2363957,2056,653720
2024-03-01,0,0,3.0,0,0,0,0.0,0.0,5183.5,0.0,2451.3370013592917,0.0,0.0,0.0,0.0,1698.1132078,2834850,3707,891626
2024-03-08,0,0,2.0,0,0,0,0.0,0.0,5019.389999999999,0.0,2266.9255913415486,0.0,0.0,0.0,0.0,1698.1132078,3028844,4122,1197647
2024-03-15,0,0,0.0,0,0,0,0.0,0.0,5197.43,0.0,2201.7178625283195,0.0,0.0,0.0,0.0,1698.1132078,2299736,2683,776538
2024-03-22,0,0,2.0,0,0,0,0.0,0.0,5091.09,0.0,1828.167379826969,0.0,0.0,0.0,0.0,2698.1132078,2519712,2936,847006
2024-03-29,0,1,1.0,0,0,0,0.0,0.0,723.7,0.0,673.1508934088592,0.0,0.0,0.0,0.0,2698.1132078,2407402,2707,872134
2024-04-05,0,0,2.0,0,0,0,0.0,0.0,0.0,0.0,0.0,0.0,0.0,0.0,0.0,2698.1132078,1908303,2063,573966
2024-04-12,0,0,1.0,0,0,0,0.0,0.0,0.0,528.33,0.005888176955454226,0.0,0.0,0.0,334.27,2698.1132078,1862468,1968,530451
2024-04-19,0,0,4.0,0,0,0,0.0,0.0,0.0,1199.75,0.0,0.0,0.0,0.0,2217.39,2698.1132078,1767436,1881,495884
2024-04-26,0,0,3.0,0,0,0,0.0,0.0,0.0,1187.74,0.0,0.0,0.0,0.0,2261.26,2698.1132078,1840058,1930,490223
2024-05-03,0,0,2.0,0,0,0,0.0,0.0,0.0,823.31,0.0,0.0,0.0,506.8352460411635,2208.99,2698.1132078,1808210,2168,535081
2024-05-10,0,0,2.0,0,0,0,5.85,0.0,0.0,1195.25,0.0,0.0,0.0,1899.7924314164716,2222.44,5448.1132078,1823322,2607,584882
2024-05-17,0,1,3.0,0,0,0,119.31,0.0,0.0,1191.04,0.0,0.0,0.0,1818.0230514344703,2201.75,2698.1132078,2057172,2831,771493
2024-05-24,0,0,2.0,0,0,0,221.35,0.0,0.0,1201.59,0.0,0.0,0.0,1692.2197595773814,2219.7200000000003,2698.1132078,1862185,2378,648251
2024-05-31,0,0,0.0,0,0,0,234.70999999999998,0.0,0.0,1179.22,0.0,0.0,0.0,1714.9269301812594,2227.16,1698.1132078,1704847,2000,522751
2024-06-07,0,0,2.0,0,0,0,175.07,0.0,1288.71,1173.33,0.009378878787878787,0.0,0.0,1718.1127060518704,1911.68,1698.1132078,1921759,2307,619364
2024-06-14,0,0,1.0,0,0,0,239.14,0.0,5359.18,1176.83,4959.900110758203,0.0,2111.444961966152,1484.9267009605587,2317.17,1698.1132078,2663013,3818,1058724
2024-06-21,0,0,2.0,0,0,0,166.01,0.0,5376.04,1134.46,5036.269320083576,0.0,8140.623757298299,1276.488401467393,2264.98,1698.1132078,3049744,3719,1225419
2024-06-28,0,1,3.0,0,0,0,409.63,0.0,5382.32,150.09,4794.015425713243,0.0,2946.546202735549,388.5465129294632,791.7500000000001,1698.1132078,3314878,4639,1397754
2024-07-05,1,0,0.0,1,0,0,284.78,0.0,718.73,0.0,1503.788074079178,0.0,0.0,0.0,0.0,1698.1132078,2766410,3899,1191744
2024-07-12,1,0,2.0,1,0,0,326.69,0.0,0.0,0.0,0.0,0.0,0.0,0.0,0.0,1698.1132078,2549827,3155,1063845
2024-07-19,1,0,1.0,0,0,0,831.11,0.0,0.0,0.0,0.0,0.0,0.0,0.017589388769153266,0.0,1698.1132078,3055283,4773,1278870
2024-07-26,1,0,1.0,0,0,0,899.39,0.0,0.0,0.0,0.0,0.0,0.0,0.012055551199352749,0.0,1698.1132078,3804114,6068,1636408
2024-08-02,1,0,2.0,0,0,0,435.0,0.0,0.0,0.0,0.0,0.0,0.0,0.0,0.0,1698.1132078,3367761,5097,1453150
2024-08-09,1,0,2.0,0,0,0,232.6,0.0,0.0,0.0,0.0,0.0,0.0,0.0,0.0,1698.1132078,3284279,4056,1223343
2024-08-16,1,0,1.0,0,0,0,236.0,0.0,0.0,3591.41,0.0,0.0,0.0,0.0,988.6600000000001,1698.1132078,3161630,4348,1218306
2024-08-23,1,0,2.0,0,0,0,233.16,0.0,2507.29,7759.34,0.0,0.0,0.0,0.0,4447.132848,5031.4465408,2255860,2557,790939
2024-08-30,1,1,2.0,1,0,0,131.78,0.0,11314.31,7842.16,0.0182959198450697,0.0,0.0,0.0,4372.2699999999995,5031.4465408,2320095,2508,734729
2024-09-06,0,0,2.0,1,0,0,240.3,0.0,11391.0,7754.79,0.013443434991183643,0.0,0.0,0.0,4312.929998,5031.4465408,2372391,2415,641539
2024-09-13,0,0,3.0,0,0,0,223.07,0.0,16710.399999999998,7556.53,0.010377132176828145,0.0,0.0,0.0,4088.169997,1698.1132078,2049137,2338,579289
2024-09-20,0,0,3.0,0,0,0,282.78999999999996,0.0,11164.099999999999,7584.9400000000005,0.0,0.0,958.2784020241778,0.0,2892.639999,1698.1132078,1969792,2537,582577
2024-09-27,0,0,2.0,0,0,0,1029.31,0.0,11647.71,2188.78,0.0,0.0,8467.13768323946,0.0,3847.4,1698.1132078,2096488,2854,671838
2024-10-04,0,0,3.0,0,0,0,1029.23,0.0,5112.2,0.0,0.0,0.0,3489.807008536362,0.0,0.0,9582.7285928,2025461,2318,564836
2024-10-11,0,1,0.0,0,0,0,780.05,0.0,4548.61,0.0,0.0,0.0,0.0,0.0,0.0,9582.7285928,2357525,2519,691870
2024-10-18,0,0,1.0,0,0,0,559.8100000000001,0.0,4644.11,0.0,0.0,0.0,0.0,0.0,0.0,9582.7285928,2143230,2328,631676
2024-10-25,0,0,2.0,0,0,0,550.3,0.0,4526.110000000001,0.0,0.0,0.0,0.0,0.0,0.0,9582.7285928,1993754,2432,662274
2024-11-01,0,0,1.0,1,0,0,349.96,0.0,4595.95,0.0,0.0,0.0,0.0,0.0,0.0,9582.7285928,2038965,2643,661696
2024-11-08,0,0,3.0,1,0,0,618.6899999999999,0.0,4656.95,0.0,0.0,0.0,9950.947494373308,0.0,0.0,9582.7285928,2276199,2615,676728
2024-11-15,0,0,1.0,0,0,0,1042.04,0.0,4447.2699999999995,381.01,0.0,0.0,8847.411572226692,0.0,0.0,12916.0619258,2336334,2854,728432
2024-11-22,0,0,3.0,0,0,0,665.18,0.0,1747.74,15028.55,0.0,0.0,0.0,0.0,4202.4,12916.0619258,3106917,4335,1126013
2024-11-29,0,0,0.0,0,0,0,547.43,0.0,0.0,19407.75,0.0,0.0,0.0645684075886453,4417.277392455928,6348.36,12916.0619258,2963877,9586,1148796
2024-12-06,0,0,1.0,0,0,0,788.5,0.0,0.0,14392.08,0.0,0.0,10588.92072748888,4697.5921721066425,6069.76,9582.7285928,2627944,3998,921544
2024-12-13,0,0,2.0,0,0,0,765.09,0.0,0.0,18477.7,0.0,0.0,7850.757453855436,4399.611125478788,6496.1900000000005,12916.0619258,2354972,3796,831610
2024-12-20,0,1,5.0,0,0,0,732.17,0.0,0.0,17890.77,0.0,0.0,0.041560073095411675,3938.8180727379263,6461.74,12916.0619258,3168858,5517,1331996
2024-12-27,0,1,0.0,0,0,0,476.9,0.0,0.0,6611.3099999999995,0.0,0.0,0.0,2015.285280045716,4305.88,12916.0619258,3674612,6243,1703725
2025-01-03,0,0,0.0,0,0,0,305.83,0.0,0.0,0.0,0.0,0.0,0.0,0.0,0.0,7884.615384999999,2262357,3155,820750
2025-01-10,0,0,1.0,1,0,0,0.0,0.0,0.0,0.0,0.0,0.0,0.0,0.0,0.0,7884.615384999999,2456472,2307,686076
2025-01-17,0,0,3.0,1,0,0,0.0,0.0,0.0,0.0,0.0,0.0,0.0,0.0,0.0,7884.615384999999,2322628,2076,647752
2025-01-24,0,0,3.0,1,0,0,0.0,0.0,0.0,0.0,0.0,0.0,0.0,0.0,0.0,7884.615384999999,2123759,2159,630456
2025-01-31,0,0,2.0,1,0,0,0.0,0.0,0.0,0.0,0.0,0.09809282645367232,2710.7676821602136,0.0,0.0,7884.615384999999,2158051,2504,693168
2025-02-07,0,0,2.0,1,0,0,0.0,0.0,0.0,0.0,0.0,2961.693001921811,6640.727174525222,0.0,0.0,7884.615384999999,2446151,3287,720076
2025-02-14,0,1,2.0,0,0,0,0.0,0.0,0.0,0.0,0.0,3708.623692197477,0.1783043145646538,0.0,0.0,7884.615384999999,2601529,4590,928001
2025-02-21,0,0,3.0,0,0,0,0.0,0.0,0.0,0.0,0.0,1372.0130545023962,0.0,0.0,0.0,7884.615384999999,1802908,2530,565432
2025-02-28,0,0,3.0,0,0,0,0.0,0.0,0.0,322.92,0.0,0.0,0.01950941759326693,0.0,0.0,7884.615384999999,1860590,1978,557451
2025-03-07,0,0,1.0,0,0,0,0.0,0.0,0.0,1701.03,0.0,0.0,3909.8126079263902,0.0,0.0,7884.615384999999,2050748,2295,642547
2025-03-14,0,0,3.0,0,0,0,0.0,0.0,0.0,2036.4,0.0,0.0,5378.469385597604,0.0,0.0,7884.615384999999,1770834,1967,509219
2025-03-21,0,0,2.0,0,0,0,0.0,0.0,0.0,2034.15,0.0,0.0,260.0924050584123,0.0,0.0,7884.615384999999,1802262,1913,531999
2025-03-28,0,0,3.0,0,0,0,0.0,0.0,0.0,2060.88,0.0,0.0,2341.6623050000003,0.0,0.0,7884.615384999999,2024631,2573,644346
