week,summer,holiday,releases,mass_exh,mass_film,mass_store,meta_brand,meta_fnb,programmatic_brand,programmatic_cineclub,pr_spend,website_visits,cineclub_signups,attendance
2023-03-31,0,0,3.0,0,1,1,0.0,0.0,1263.45154857422,0.0,0.0,3325098,3791,1121979
2023-04-07,0,1,0.0,0,1,1,0.0,0.0,0.009000000000000001,0.0,0.0,3773867,4066,1453442
2023-04-14,0,0,3.0,0,1,1,0.0,0.0,0.0,0.0,0.0,2594104,2785,929048
2023-04-21,0,0,3.0,1,0,1,0.0,0.0,2509.8906507841903,0.0,0.0,2898512,2783,987972
2023-04-28,0,0,7.0,1,0,1,0.0,0.0,4410.752598779633,0.0,0.0,2921504,2670,875456
2023-05-05,0,0,2.0,0,0,1,0.0,0.0,5028.361129728868,0.0,0.0,2893428,2844,918280
2023-05-12,0,0,2.0,0,1,1,0.0,0.0,5910.004116632624,0.0,0.0,2404860,2239,735411
2023-05-19,0,1,2.0,0,1,1,0.0,0.0,5255.544763509444,0.0,0.0,3202567,2874,1028728
2023-05-26,0,0,4.0,0,0,1,0.0,0.0,5370.599430225023,0.0,0.0,2777353,2720,850487
2023-06-02,0,0,2.0,0,0,1,0.0,0.0,5755.829561463207,0.0,0.0,3563525,3612,1162681
2023-06-09,0,0,1.0,0,1,0,0.0,0.0,5810.10198360468,93.86574999999999,0.0,3281300,3353,1109851
2023-06-16,0,0,2.0,0,1,0,0.0,0.0,4849.211343986775,1118.1965,0.0,2865263,2930,997617
2023-06-23,0,0,1.0,0,0,0,0.0,0.0,6151.6510287213305,1462.992,0.0,2746753,2638,954806
2023-06-30,0,1,2.0,0,0,0,0.0,0.0,8368.547798452386,1642.7340000000002,0.0,3473378,3338,1186840
2023-07-07,1,0,4.0,0,0,0,0.0,1357.97,6610.65696443,1702.6625,0.0,3518222,3432,1143457
2023-07-14,1,0,0.0,0,1,0,0.0,3554.6800000000003,7.491134544681041,1726.1525,0.0,4528146,5039,1464416
2023-07-21,1,0,2.0,0,1,0,0.0,3740.21,2271.056728549104,1783.82625,0.0,7753542,7386,2322272
2023-07-28,1,0,4.0,0,0,0,0.0,4053.76,3454.212105665298,2008.0542500000001,0.0,5517327,5342,1916347
2023-08-04,1,0,1.0,0,0,0,0.0,4213.46,3889.7632785470605,1859.5162500000001,0.0,4404638,4463,1671953
2023-08-11,1,0,2.0,0,0,0,0.0,4470.68,3563.538856898441,2405.84725,0.0,3431735,3078,1198897
2023-08-18,1,0,2.0,0,0,0,0.0,4439.34,3504.550931056563,2295.58925,0.0,3860173,2752,1261104
2023-08-25,1,0,1.0,1,0,0,0.0,4434.25,3566.6085473108033,2340.3,0.0,4792405,2212,1303425
2023-09-01,0,1,2.0,1,0,0,0.0,4388.71,3472.937173103193,1541.7777500000002,0.0,3167415,2141,879111
2023-09-08,0,0,3.0,1,0,0,0.0,4303.3099999999995,3312.288478650587,0.0,0.0,3304785,1993,861624
2023-09-15,0,0,1.0,0,0,0,0.0,4342.6,3252.0944626286046,0.0,0.0,2078225,1945,550228
2023-09-22,0,0,2.0,0,0,0,0.0,4291.7,3270.984772769314,0.0,0.0,1959550,1517,496335
2023-09-29,0,0,3.0,0,0,0,0.0,4275.7,3531.0382588361686,0.0,0.0,2241160,2116,600148
2023-10-06,0,1,1.0,0,0,0,0.0,4351.28,3022.144938416788,0.0,0.0,2367961,1998,647306
2023-10-13,0,0,1.0,1,0,0,0.0,4283.5,2668.933986734179,0.0,0.0,2486525,1838,520423
2023-10-20,0,0,1.0,1,0,0,0.0,5401.32,14060.058516770461,0.0,0.0,2893405,2005,698924
2023-10-27,0,0,2.0,1,0,0,0.0,6776.91,14376.193040902917,0.0,0.0,2718316,1729,695610
2023-11-03,0,0,1.0,0,0,0,0.0,6995.57,7983.588541350165,0.0,0.0,2430212,1724,557036
2023-11-10,0,0,2.0,0,0,0,0.0,7126.22,8707.65456471093,0.0,0.0,2444699,2271,683306
2023-11-17,0,0,6.0,0,0,0,0.0,7582.11,2936.302432816516,0.0,0.0,2590805,2394,792256
2023-11-24,0,0,1.0,0,0,0,2566.46,8218.52,2896.9234507282877,0.0,0.0,2405899,3782,718265
2023-12-01,0,0,1.0,1,0,0,7321.5,9611.72,11815.974205187782,2937.4905,0.0,2984693,2811,765711
2023-12-08,0,0,1.0,1,0,0,7367.27,9462.08,16343.104858249051,1953.35025,0.0,2422970,3298,644962
2023-12-15,0,0,2.0,0,0,0,7164.39,9478.33,22549.79561395318,0.0,0.0,2397378,3157,764257
2023-12-22,0,1,7.0,0,0,0,7119.79,9199.36,17755.15008259924,0.0,0.0,3389662,4927,1324880
2023-12-29,0,1,1.0,0,0,0,7089.48,8929.880000000001,16171.713214781188,0.0,1698.1132078,3190757,3940,1302725
2024-01-05,0,0,1.0,0,0,0,995.79,2650.74,6206.73100922846,0.0,1698.1132078,2175962,2404,712911
2024-01-12,0,0,3.0,0,0,0,0.0,0.0,486.8365415617836,0.0,26698.1132078,2004931,2106,592549
2024-01-19,0,0,1.0,0,0,0,0.0,0.0,3162.737964353743,0.0,1698.1132078,1967298,2215,571844
2024-01-26,0,0,0.0,1,0,0,0.0,0.0,2908.9929342768914,0.0,1698.1132078,2113186,2335,583665
2024-02-02,0,0,1.0,1,0,0,0.0,0.0,2627.177278866619,0.0,1698.1132078,2236475,1807,590696
2024-02-09,0,0,3.0,1,0,0,0.0,0.0,2639.9190604416926,0.0,1698.1132078,2301021,2194,617377
2024-02-16,0,1,2.0,1,0,0,0.0,0.0,2694.316362781077,0.0,1698.1132078,2897956,2360,850317
2024-02-23,0,0,2.0,1,0,0,0.0,0.0,2668.8440950592017,0.0,1698.1132078,2363957,2056,653720
2024-03-01,0,0,3.0,0,0,0,0.0,0.0,2655.005551710318,0.0,1698.1132078,2834850,3707,891626
2024-03-08,0,0,2.0,0,0,0,0.0,0.0,2506.3064167416387,0.0,1698.1132078,3028844,4122,1197647
2024-03-15,0,0,0.0,0,0,0,0.0,0.0,2407.043692345557,0.0,1698.1132078,2299736,2683,776538
2024-03-22,0,0,2.0,0,0,0,0.0,0.0,2255.710969780912,0.0,2698.1132078,2519712,2936,847006
2024-03-29,0,1,1.0,0,0,0,0.0,0.0,949.4299663873812,0.0,2698.1132078,2407402,2707,872134
2024-04-05,0,0,2.0,0,0,0,0.0,0.0,0.0,0.0,2698.1132078,1908303,2063,573966
2024-04-12,0,0,1.0,0,0,0,0.0,0.0,0.0,0.0,2698.1132078,1862468,1968,530451
2024-04-19,0,0,4.0,0,0,0,0.0,0.0,0.0,0.0,2698.1132078,1767436,1881,495884
2024-04-26,0,0,3.0,0,0,0,0.0,0.0,0.0,0.0,2698.1132078,1840058,1930,490223
2024-05-03,0,0,2.0,0,0,0,0.0,0.0,0.0,0.0,2698.1132078,1808210,2168,535081
2024-05-10,0,0,2.0,0,0,0,0.0,0.0,0.0,0.0,5448.1132078,1823322,2607,584882
2024-05-17,0,1,3.0,0,0,0,0.0,0.0,0.0,0.0,2698.1132078,2057172,2831,771493
2024-05-24,0,0,2.0,0,0,0,0.0,0.0,0.0,0.0,2698.1132078,1862185,2378,648251
2024-05-31,0,0,0.0,0,0,0,0.0,0.0,0.0,0.0,1698.1132078,1704847,2000,522751
2024-06-07,0,0,2.0,0,0,0,2983.91,0.0,0.26491427725946426,0.0,1698.1132078,1921759,2307,619364
2024-06-14,0,0,1.0,0,0,0,12494.46,0.0,13778.99260687173,0.0,1698.1132078,2663013,3818,1058724
2024-06-21,0,0,2.0,0,0,0,12419.86,0.0,10716.484804286685,0.0,1698.1132078,3049744,3719,1225419
2024-06-28,0,1,3.0,0,0,0,12436.41,0.0,10986.91197373303,0.0,1698.1132078,3314878,4639,1397754
2024-07-05,1,0,0.0,1,0,0,1957.78,0.0,4735.772037710296,0.0,1698.1132078,2766410,3899,1191744
2024-07-12,1,0,2.0,1,0,0,0.0,0.0,0.0,0.0,1698.1132078,2549827,3155,1063845
2024-07-19,1,0,1.0,0,0,0,0.0,0.0,0.0,0.0,1698.1132078,3055283,4773,1278870
2024-07-26,1,0,1.0,0,0,0,0.0,0.0,0.0,0.0,1698.1132078,3804114,6068,1636408
2024-08-02,1,0,2.0,0,0,0,0.0,0.0,0.0,0.0,1698.1132078,3367761,5097,1453150
2024-08-09,1,0,2.0,0,0,0,0.0,0.0,0.0,0.0,1698.1132078,3284279,4056,1223343
2024-08-16,1,0,1.0,0,0,0,0.0,0.0,0.0,0.0,1698.1132078,3161630,4348,1218306
2024-08-23,1,0,2.0,0,0,0,0.0,0.0,0.0,0.0,5031.4465408,2255860,2557,790939
2024-08-30,1,1,2.0,1,0,0,9040.96,0.0,0.0,0.0,5031.4465408,2320095,2508,734729
2024-09-06,0,0,2.0,1,0,0,10602.16,0.0,32233.444832792527,0.0,5031.4465408,2372391,2415,641539
2024-09-13,0,0,3.0,0,0,0,10647.26,0.0,49684.55674933828,0.0,1698.1132078,2049137,2338,579289
2024-09-20,0,0,3.0,0,0,0,10425.64,0.0,41784.865158088076,0.0,1698.1132078,1969792,2537,582577
2024-09-27,0,0,2.0,0,0,0,10296.34,0.0,46486.36401626731,0.0,1698.1132078,2096488,2854,671838
2024-10-04,0,0,3.0,0,0,0,1487.45,0.0,30018.296270395866,0.0,9582.7285928,2025461,2318,564836
2024-10-11,0,1,0.0,0,0,0,0.0,0.0,8841.549104638787,0.0,9582.7285928,2357525,2519,691870
2024-10-18,0,0,1.0,0,0,0,0.0,0.0,9669.100339988172,0.0,9582.7285928,2143230,2328,631676
2024-10-25,0,0,2.0,0,0,0,0.0,0.0,12529.394418504013,0.0,9582.7285928,1993754,2432,662274
2024-11-01,0,0,1.0,1,0,0,1269.31,0.0,11044.865747375428,0.0,9582.7285928,2038965,2643,661696
2024-11-08,0,0,3.0,1,0,0,3708.25,0.0,11418.032983434321,0.0,9582.7285928,2276199,2615,676728
2024-11-15,0,0,1.0,0,0,0,2435.17,0.0,7372.1354068475575,0.0,12916.0619258,2336334,2854,728432
2024-11-22,0,0,3.0,0,0,0,636.98,0.0,45462.995134192264,0.0,12916.0619258,3106917,4335,1126013
2024-11-29,0,0,0.0,0,0,0,7348.34,0.0,31414.757913873866,0.0,12916.0619258,2963877,9586,1148796
2024-12-06,0,0,1.0,0,0,0,11103.65,0.0,28099.881134634197,0.0,9582.7285928,2627944,3998,921544
2024-12-13,0,0,2.0,0,0,0,11272.69,0.0,27444.562190318728,0.0,12916.0619258,2354972,3796,831610
2024-12-20,0,1,5.0,0,0,0,10969.95,0.0,25320.53715752538,0.0,12916.0619258,3168858,5517,1331996
2024-12-27,0,1,0.0,0,0,0,10435.48,0.0,20537.9181008816,0.0,12916.0619258,3674612,6243,1703725
2025-01-03,0,0,0.0,0,0,0,1369.49,0.0,6386.849649658384,0.0,7884.615384999999,2262357,3155,820750
2025-01-10,0,0,1.0,1,0,0,0.0,0.0,5022.953438848062,0.0,7884.615384999999,2456472,2307,686076
2025-01-17,0,0,3.0,1,0,0,0.0,0.0,364.4156124921934,0.0,7884.615384999999,2322628,2076,647752
2025-01-24,0,0,3.0,1,0,0,0.0,0.0,0.0,0.0,7884.615384999999,2123759,2159,630456
2025-01-31,0,0,2.0,1,0,0,0.0,0.0,0.0,0.0,7884.615384999999,2158051,2504,693168
2025-02-07,0,0,2.0,1,0,0,0.0,0.0,0.0,0.0,7884.615384999999,2446151,3287,720076
2025-02-14,0,1,2.0,0,0,0,0.0,0.0,0.0,0.0,7884.615384999999,2601529,4590,928001
2025-02-21,0,0,3.0,0,0,0,0.0,0.0,0.0,0.0,7884.615384999999,1802908,2530,565432
2025-02-28,0,0,3.0,0,0,0,0.0,0.0,0.0,0.0,7884.615384999999,1860590,1978,557451
2025-03-07,0,0,1.0,0,0,0,0.0,0.0,0.0,0.0,7884.615384999999,2050748,2295,642547
2025-03-14,0,0,3.0,0,0,0,0.0,0.0,0.0,0.0,7884.615384999999,1770834,1967,509219
2025-03-21,0,0,2.0,0,0,0,0.0,0.0,0.0,0.0,7884.615384999999,1802262,1913,531999
2025-03-28,0,0,3.0,0,0,0,0.0,0.0,0.0,0.0,7884.615384999999,2024631,2573,644346
