week,summer,holiday,week_num,canada_pdm,canada_trr,hpl,lpl,nl_pdm,nl_trr,pdm,pr_spend,transactions,revenue
2023-03-31,0,0,0,3033.2833177594403,16991.56380143452,4106.57,4558.89,0.0,0.0,2790.55,0.0,156768,2622299.01
2023-04-07,0,1,1,3109.3327460333644,16969.66,8690.62,9702.77,0.0,0.0,5383.27,0.0,144733,2588746.5300000003
2023-04-14,0,0,2,1989.5752207736496,6677.84678745249,9617.96,10559.14,0.0,0.0,5403.87,0.0,142862,2330128.95
2023-04-21,0,0,3,2652.6656031714324,19060.540809688406,10018.05,10914.07,0.0,0.0,5444.26,0.0,146832,2528917.21
2023-04-28,0,0,4,3414.755715185812,30546.44872819166,9926.93,10866.45,0.0,0.0,5433.33,0.0,136590,2281790.4
2023-05-05,0,0,5,3514.5387725421356,30606.498307445378,9854.48,10770.1,0.0,0.0,5352.47,0.0,128352,2106395.8
2023-05-12,0,0,6,3291.170558539835,18269.11877241656,9883.66,10763.99,0.0,0.0,5412.95,0.0,118448,1834336.13
2023-05-19,0,1,7,3211.398103707664,14736.805720413902,9683.039999999999,10594.5,0.0,0.0,5327.94,0.0,124404,2158459.45
2023-05-26,0,0,8,2899.4558839726765,14669.372330232502,9306.12,10051.19,0.0,0.0,4761.05,0.0,115214,1803261.33
2023-06-02,0,0,9,3019.1297523822914,12814.676421147793,9012.83,9790.84,0.0,0.0,2905.31,0.0,123054,1999339.51
2023-06-09,0,0,10,3039.4715359946954,12700.454099165849,9566.99,10840.01,0.0,0.0,5431.13,0.0,139851,2144094.913
2023-06-16,0,0,11,2976.656058361223,13059.582803561592,9368.08,10552.98,0.0,0.0,5406.47,0.0,164106,2573188.4
2023-06-23,0,0,12,3028.6337953743073,12720.358435440132,9512.56,10459.34,0.0,0.0,5316.6,0.0,143237,2365244.01
2023-06-30,0,1,13,16598.422174749387,14408.09089062667,9811.98,10936.63,0.0,0.0,5527.89,0.0,127895,2517277.54
2023-07-07,1,0,14,15161.00303135483,14167.741565090619,9737.79,10868.75,0.0,0.0,5439.83,0.0,129370,2433137.32
2023-07-14,1,0,15,3400.4525033849604,14555.499339784816,9930.33,10750.45,0.0,0.0,5442.56,0.0,145283,2771255.47
2023-07-21,1,0,16,3327.601063595095,14383.067956173547,9766.54,10750.36,0.0,0.0,5438.55,0.0,138057,2611580.5
2023-07-28,1,0,17,3378.98262141208,14776.730132338878,9841.27,10860.49,0.0,0.0,5471.13,0.0,149611,2711641.21
2023-08-04,1,0,18,3370.0643675435754,14523.490700122933,9631.9,10752.55,0.0,0.0,5430.99,0.0,138396,2736030.2
2023-08-11,1,0,19,3546.3607203490656,15019.713880248915,9596.98,10571.83,0.0,0.0,5428.24,0.0,149829,2805160.09
2023-08-18,1,0,20,3425.8418703039792,39158.67815205717,9590.41,10621.63,0.0,0.0,5400.79,0.0,154376,2926455.2
2023-08-25,1,0,21,2806.228401501725,37171.33381897818,10125.11,11063.87,0.0,0.0,5418.71,0.0,150860,2791410.38
2023-09-01,0,1,22,2786.757291945781,37363.18658561734,20241.79,19631.53,0.0,0.0,4761.27,0.0,121310,2316224.43
2023-09-08,0,0,23,2720.910911639178,36540.74660968143,20242.45,19561.48,0.0,0.0,5494.35,0.0,115009,1974305.01
2023-09-15,0,0,24,3160.426148806422,14008.932944747055,20297.85,19555.81,0.0,0.0,5517.85,0.0,130795,2126813.22
2023-09-22,0,0,25,3447.711763051618,15164.844296137111,20050.68,19303.02,0.0,0.0,5454.32,0.0,127682,2167201.77
2023-09-29,0,0,26,3609.563286534786,18121.046277693742,20405.47,19649.59,0.0,0.0,5563.56,0.0,132994,2346049.4
2023-10-06,0,1,27,3572.5581029810173,24554.957816589267,19953.88,19307.94,0.0,0.0,5464.83,0.0,108662,2031120.41
2023-10-13,0,0,28,3857.562264180067,32669.417262624665,19447.67,18681.32,0.0,0.0,5216.82,0.0,127501,2208744.36
2023-10-20,0,0,29,3964.9980544461737,32995.43543661158,19461.85,18872.48,0.0,0.0,5327.9,0.0,129765,2378952.15
2023-10-27,0,0,30,3873.5274911966817,29172.490775870072,20252.07,19633.49,0.0,0.0,5310.62,0.0,119231,1913586.81
2023-11-03,0,0,31,3531.2210336975936,24583.232798175453,20497.47,19866.6,0.0,0.0,5311.62,0.0,145138,2224710.97
2023-11-10,0,0,32,2836.900471011231,21247.79955253449,20149.25,19463.01,0.0,0.0,5379.47,0.0,140223,2587987.31
2023-11-17,0,0,33,1485.4696528451002,19853.509756824616,20170.13,19462.44,0.0,0.0,5271.48,0.0,140161,2519392.12
2023-11-24,0,0,34,2127.33022265344,24492.39289494399,20049.93,19675.98,0.0,0.0,5317.52,0.0,147792,2628665.75
2023-12-01,0,0,35,3838.6120007076124,25531.208141828203,19625.1,19010.13,0.0,0.0,5302.29,0.0,160426,2906434.69
2023-12-08,0,0,36,4405.479819254943,31003.429362614643,19699.28,19045.12,0.0,0.0,5318.49,0.0,179802,3226946.76
2023-12-15,0,0,37,3953.5127054520053,39019.81893513995,19603.89,19024.1,0.0,0.0,5299.59,0.0,175092,3120805.96
2023-12-22,0,1,38,4548.028204864662,54291.62478577687,17122.71,16777.15,0.0,0.0,5399.75,0.0,133819,2618160.17
2023-12-29,0,1,39,7956.865732094427,31186.70564846915,15042.46,14685.84,0.0,0.0,1327.06,0.0,189628,3612811.91
2024-01-05,0,0,40,4087.0887256440474,2204.251152107877,6027.68,5819.35,0.0,0.0,0.0,0.0,123906,2354872.9
2024-01-12,0,0,41,906.45,0.0,4627.47,0.0,0.0,0.0,0.0,0.0,124940,2216815.41
2024-01-19,0,0,42,1685.69,0.0,6768.030000000001,0.0,0.0,0.0,0.0,0.0,140178,2520539.22
2024-01-26,0,0,43,1364.88,731.7,5880.47,1227.57,0.0,0.0,1763.47,0.0,139028,2485727.83
2024-02-02,0,0,44,2537.5860685369066,11065.54,9739.35,8023.37,0.0,0.0,2341.47,0.0,127480,2279629.62
2024-02-09,0,0,45,9184.238788639941,11866.152929301084,11592.28,12237.51,0.0,0.0,0.0,0.0,128964,2246621.72
2024-02-16,0,1,46,11868.806947605874,12810.05105848929,10533.0,12091.31,0.0,0.0,0.0,0.0,169944,3256743.97
2024-02-23,0,0,47,13113.73782520991,19750.204889780398,11452.32,12340.1,0.0,0.0,0.0,0.0,136384,2421910.14
2024-03-01,0,0,48,12996.388366275685,20341.84066807608,12413.59,16135.97,0.0,0.0,0.0,0.0,131248,2397024.96
2024-03-08,0,0,49,14351.073117438538,18154.927380567864,12010.56,16063.11,0.0,0.0,0.0,0.0,157811,3098668.72
2024-03-15,0,0,50,10471.549389226191,17757.638949874294,5903.88,5771.2300000000005,0.0,0.0,0.0,0.0,149657,2827847.95
2024-03-22,0,0,51,14328.09289051439,17312.201980771293,11263.58,11955.88,0.0,0.0,0.0,0.0,164029,3070427.7399999998
2024-03-29,0,1,52,11975.948228645475,17410.329122500058,6954.71,12125.35,0.0,0.0,0.0,0.0,140492,2764673.55
2024-04-05,0,0,53,11871.03818489924,17883.46242157871,6752.82,12044.42,0.0,0.0,0.0,0.0,135192,2473726.65
2024-04-12,0,0,54,12915.589875704103,17338.421353958238,8862.210000000001,11881.359999999999,0.0,0.0,0.0,0.0,131049,2349285.81
2024-04-19,0,0,55,12776.813561343764,20221.699070812985,16344.76,39588.97,0.0,0.0,0.0,0.0,126250,2346920.52
2024-04-26,0,0,56,12110.90752130365,31701.926533342357,9497.86,52049.22,0.0,0.0,0.0,0.0,134328,2482748.67
2024-05-03,0,0,57,11777.490757391983,39301.77515244227,8442.14,49823.73,0.0,0.0,0.0,0.0,111365,2030986.3800000001
2024-05-10,0,0,58,12065.228818920528,31019.74271206781,8201.07,52610.75,0.0,0.0,0.0,0.0,109954,1904034.28
2024-05-17,0,1,59,12278.196055492412,27703.011685624824,8192.75,52540.45,0.0,0.0,0.0,0.0,125848,2385321.01
2024-05-24,0,0,60,11825.829818900495,30521.541195295526,7680.13,51530.72,0.0,0.0,0.0,0.0,107750,1962390.92
2024-05-31,0,0,61,4832.8387459509195,2605.5309883393825,5190.38,25852.65,0.0,0.0,0.0,0.0,115067,1989532.6
2024-06-07,0,0,62,4040.674948018887,2044.1351361450484,8947.11,29423.04,0.0,0.0,0.0,0.0,119007,2170645.43
2024-06-14,0,0,63,5675.732908646334,6869.491782033295,8795.5,29036.08,0.0,0.0,0.0,0.0,133713,2361482.66
2024-06-21,0,0,64,5973.297187495177,8102.090739839551,8787.88,28993.760000000002,0.0,0.0,0.0,0.0,167253,2711583.07
2024-06-28,0,1,65,5033.187131497168,5541.655969074891,6737.92,25870.43,0.0,0.0,0.0,0.0,130521,2501658.05
2024-07-05,1,0,66,5735.091388805775,1578.9296133217338,8639.78,9686.75,0.0,0.0,0.0,0.0,105630,2264830.5
2024-07-12,1,0,67,5951.154279535091,5111.2712668159675,9891.63,11249.38,0.0,0.0,0.0,0.0,115959,2253944.5
2024-07-19,1,0,68,5946.79855710065,5343.26977721059,10140.15,11462.31,0.0,0.0,0.0,0.0,136503,2554962.56
2024-07-26,1,0,69,5658.598877878979,5228.0705432011355,9732.14,10607.74,0.0,0.0,0.0,0.0,133521,2506002.41
2024-08-02,1,0,70,5487.158563029358,5827.457079251279,9023.68,10120.0,0.0,0.0,0.0,0.0,129159,2623775.09
2024-08-09,1,0,71,3948.929917992581,4153.1715871391525,5894.09,6464.01,0.0,0.0,0.0,0.0,147143,2794906.65
2024-08-16,1,0,72,94.85,538.09,0.0,0.0,0.0,0.0,445.15,0.0,150337,2927367.45
2024-08-23,1,0,73,98.56,2119.942827144915,0.0,0.0,0.0,0.0,2294.86,0.0,142510,2761339.37
2024-08-30,1,1,74,110.14,2136.81,0.0,0.0,0.0,0.0,2332.5,0.0,104412,2118752.33
2024-09-06,0,0,75,117.65,2156.3,0.0,0.0,0.0,0.0,2297.01,0.0,107550,1823071.87
2024-09-13,0,0,76,424.35,2065.48,0.0,0.0,0.0,0.0,2224.13,0.0,118886,1923813.6300000001
2024-09-20,0,0,77,423.1,2086.16,0.0,0.0,0.0,0.0,2226.98,0.0,112805,2076916.3
2024-09-27,0,0,78,324.97,3115.41,0.0,0.0,0.0,0.0,1845.66,0.0,114611,2099228.27
2024-10-04,0,0,79,644.5799999999999,6256.86,0.0,0.0,0.0,0.0,2479.75,7884.615384999999,108091,1984985.93
2024-10-11,0,1,80,593.77,31715.82,0.0,0.0,0.0,0.0,2488.35,7884.615384999999,96456,1877062.32
2024-10-18,0,0,81,696.28,58385.85401938799,0.0,0.0,0.0,2220.1170503212725,2463.18,7884.615384999999,108701,1971556.43
2024-10-25,0,0,82,651.8199999999999,89415.8539833833,0.0,0.0,0.0,27426.005919401374,2481.17,7884.615384999999,103415,1789122.29
2024-11-01,0,0,83,341.21999999999997,80445.5991820434,0.0,0.0,0.0,30124.253400049733,2487.6,7884.615384999999,114956,2129352.66
2024-11-08,0,0,84,784.63,84522.21056192611,204.4,0.0,3118.4330752493183,22683.608631624193,2525.99,7884.615384999999,138904,2622227.04
2024-11-15,0,0,85,2897.75,88084.12015579468,203.41,0.0,9731.019888579409,18451.18768647053,2336.97,7884.615384999999,131299,2285070.27
2024-11-22,0,0,86,2932.28,91239.80521134782,0.0,0.0,10694.464159069381,22934.665300135992,5436.21,7884.615384999999,145643,2630828.03
2024-11-29,0,0,87,2952.91,96976.9005817726,0.0,0.0,18515.943762300307,35625.561610228615,7610.39,7884.615384999999,151984,2904356.73
2024-12-06,0,0,88,2626.34,53382.137156629105,0.0,0.0,8804.01287527658,29655.642725818296,7134.3,7884.615384999999,167884,3064217.64
2024-12-13,0,0,89,2262.37,23057.30771,0.0,0.0,2483.13,32006.8,6116.13,7884.615384999999,180340,3426922.96
2024-12-20,0,1,90,2177.51,23088.072200000002,0.0,0.0,3516.87,32097.39,5463.18,7884.615384999999,147892,2898859.63
2024-12-27,0,1,91,1140.29,18428.8311,0.0,0.0,0.0,32034.73,2909.39,7884.615384999999,228242,4479251.48
2025-01-03,0,0,92,2353.78,23109.50134880281,0.0,0.0,0.0,32104.17,0.0,7884.615384999999,129673,2679778.66
2025-01-10,0,0,93,3378.62,28532.78308261645,0.0,0.0,0.0,18704.79,0.0,7884.615384999999,128681,2435967.37
2025-01-17,0,0,94,4432.32,43640.48625535931,0.0,0.0,0.0,10958.32,0.0,7884.615384999999,153502,2950895.8
2025-01-24,0,0,95,4628.97,46218.69806458674,0.0,0.0,0.0,9488.099999999999,0.0,7884.615384999999,144364,2721395.32
2025-01-31,0,0,96,4895.08,46348.92588260229,0.0,0.0,0.0,9250.56,0.0,7884.615384999999,140982,2550710.81
2025-02-07,0,0,97,2384.58,37481.557427447355,0.0,0.0,0.0,6138.86,0.0,7884.615384999999,132367,2496210.12
2025-02-14,0,1,98,2783.97,30322.841731368622,0.0,0.0,0.0,0.0,0.0,7884.615384999999,171226,3377353.07
2025-02-21,0,0,99,5017.66,30071.192242746027,0.0,0.0,0.0,0.0,0.0,7884.615384999999,153840,2872435.58
2025-02-28,0,0,100,4476.75,24826.349287930414,0.0,0.0,0.0,0.0,0.0,7884.615384999999,141561,2735441.71
2025-03-07,0,0,101,4289.8,27005.458310796832,0.0,0.0,0.0,0.0,0.0,7884.615384999999,174668,3674882.46
2025-03-14,0,0,102,4530.55,26660.094752426216,0.0,0.0,0.0,0.0,0.0,7884.615384999999,162186,3252053.18
2025-03-21,0,0,103,4418.25,26153.79065646755,0.0,0.0,0.0,0.0,0.0,7884.615384999999,161491,3130717.65
2025-03-28,0,0,104,2108.61,12122.022506550404,0.0,0.0,0.0,0.0,0.0,7884.615384999999,161368,3305564.86
2025-04-04,0,0,105,161.69,657.6474732989524,0.0,0.0,0.0,0.0,0.0,0.0,145809,2784816.12
2025-04-11,0,0,106,160.44,653.53,0.0,0.0,0.0,0.0,0.0,0.0,142425,2671559.52
2025-04-18,0,1,107,162.71,656.17,0.0,0.0,0.0,0.0,0.0,0.0,134352,2723591.81
2025-04-25,0,0,108,161.43,767.9260369600685,412.32,9418.97,0.0,3948.82,0.0,0.0,140297,2650571.59
2025-05-02,0,0,109,503.19,6116.709038255993,2837.7599999999998,19040.07,1022.48,11415.59,0.0,0.0,123340,2353832.03
2025-05-09,0,0,110,2734.438316325052,16613.622147752663,12903.039999999999,28807.93,3594.47,13264.3,0.0,0.0,112099,2057867.64
2025-05-16,0,1,111,6775.460375657878,16127.254289616109,12145.81,27786.72,4056.62,11688.01,0.0,0.0,141767,2906894.43
2025-05-23,0,0,112,6846.402539772173,15377.280002068845,13947.529999999999,25915.95,3485.12,14011.26,0.0,0.0,125818,2362618.4
2025-05-30,0,0,113,5898.158938125953,13959.134134122642,10812.86,25060.440000000002,3739.7400000000002,12508.33,0.0,0.0,127986,2352741.28
2025-06-06,0,0,114,5787.556292035057,14981.02419441505,8429.57,24466.65,3622.6,12090.210000000001,0.0,0.0,121850,2262891.12
2025-06-13,0,0,115,7193.35312494375,13681.620538395448,7548.6,24648.510000000002,2499.66,12452.5,0.0,0.0,136040,2556357.42
2025-06-20,0,0,116,6559.886091687721,12364.147689459855,7344.92,24033.18,2432.58,14160.52,0.0,0.0,159894,3226918.35
2025-06-27,0,1,117,2939.3816734524135,4303.380679953336,3731.02,14976.349999999999,1103.38,8695.49,0.0,0.0,125010,2558538.71
