Transaction_Date,Cinemas_Attendance,Cinemas_Revenue,Cinemas_Film_Revenue,Cinemas_Concessions_Revenue,LBE_Revenue
2023-01-01,208994.00,5151564.69,2822906.73,1944385.75,541715.05
2023-01-02,205677.00,4753485.45,2587895.79,1823423.07,485736.74
2023-01-03,190604.00,3955613.42,1961798.55,1721367.57,368134.25
2023-01-04,133937.00,3048624.08,1734805.30,1081111.40,336214.39
2023-01-05,132880.00,3067071.98,1735725.35,1099928.39,324641.72
2023-01-06,179609.00,4318436.77,2337304.98,1645147.51,441238.36
2023-01-07,212178.00,5407088.16,2759705.30,2247557.05,817563.88
2023-01-08,127055.00,3249335.34,1608893.50,1398517.60,619471.28
2023-01-09,53608.00,1168410.61,664668.32,416021.89,153544.28
2023-01-10,93662.00,1958203.02,1051230.41,793090.94,156827.91
2023-01-11,61432.00,1374658.72,841709.98,432902.62,157916.27
2023-01-12,64240.00,1426574.51,865333.39,449541.96,155206.69
2023-01-13,121048.00,2867240.11,1562212.96,1080498.07,392101.66
2023-01-14,196971.00,4843404.38,2444840.90,2036806.58,808732.69
2023-01-15,117808.00,2895199.71,1445064.40,1230366.18,817305.23
2023-01-16,62828.00,1275451.40,852577.40,314436.86,141324.04
2023-01-17,102461.00,1941764.35,1100542.39,709721.34,139266.53
2023-01-18,63216.00,1291064.89,819554.40,376764.81,145854.94
2023-01-19,65955.00,1373899.72,850511.65,419058.63,187941.39
2023-01-20,117162.00,2722526.39,1475068.58,1022644.44,379234.73
2023-01-21,180660.00,4356791.22,2200112.02,1806950.14,829533.27
2023-01-22,113965.00,2672215.76,1390197.73,1064298.63,711691.19
2023-01-23,53961.00,1047856.42,663861.02,304929.51,148854.18
2023-01-24,93537.00,1683773.25,922996.58,656094.71,155090.38
2023-01-25,71338.00,1421093.49,930753.96,387226.35,148002.60
2023-01-26,89052.00,1747779.67,1140537.94,477427.20,160615.99
2023-01-27,135288.00,2954255.27,1696530.42,1025275.69,364348.80
2023-01-28,196594.00,4563076.97,2395264.82,1802514.45,808414.96
2023-01-29,115620.00,2686307.67,1410969.92,1060246.31,655778.63
2023-01-30,58754.00,1117358.09,690523.52,341924.47,150098.57
2023-01-31,90446.00,1654526.95,867137.95,680766.39,137517.04
2023-02-01,65545.00,1316206.79,820406.16,401720.21,148984.79
2023-02-02,67132.00,1368058.07,844707.89,421408.02,168373.94
2023-02-03,109065.00,2454914.31,1339741.98,902220.00,320408.68
2023-02-04,174670.00,4086542.69,2090349.31,1654200.49,716440.61
2023-02-05,113999.00,2543055.91,1343368.61,990150.88,681693.26
2023-02-06,49702.00,921998.65,570785.00,271536.95,109177.29
2023-02-07,84501.00,1472305.05,786684.90,587536.41,178626.08
2023-02-08,55058.00,1036357.10,661132.08,290094.93,198190.84
2023-02-09,58357.00,1206698.42,715604.99,387218.49,207826.05
2023-02-10,104191.00,2366537.64,1286157.50,883677.72,334574.59
2023-02-11,154403.00,3623149.76,1843928.72,1476362.53,724228.00
2023-02-12,88960.00,1968865.36,1079137.11,715088.98,631454.78
2023-02-13,58110.00,1109664.60,703440.72,303812.69,102818.75
2023-02-14,106346.00,2195998.01,1049195.02,985774.06,241646.55
2023-02-15,67381.00,1320130.84,860190.51,351681.03,158423.57
2023-02-16,91742.00,2336237.45,1246095.64,927179.64,193911.38
2023-02-17,168123.00,4375185.30,2241865.01,1835854.76,409168.57
2023-02-18,214109.00,5507267.67,2762167.22,2326405.06,822417.8304
2023-02-19,199787.00,5006359.72,2580588.49,2056560.37,1007590.12
2023-02-20,168990.00,4241259.49,2119379.39,1812665.01,625297.93
2023-02-21,87835.00,1855752.96,869764.54,865644.61,164747.11
2023-02-22,51826.00,1151320.12,668967.19,383458.23,209167.67
2023-02-23,59347.00,1332189.25,763209.46,453221.44,244905.14
2023-02-24,112404.00,2653960.91,1411215.51,1023631.52,371336.59
2023-02-25,162728.00,3996579.03,1987645.40,1662817.84,739184.44
2023-02-26,105416.00,2515941.76,1279179.39,1013254.30,657453.74
2023-02-27,48810.00,978670.93,548826.89,333266.84,179699.29
2023-02-28,89655.00,1708849.75,813759.30,757293.32,172566.22
2023-03-01,65192.00,1339938.62,786246.18,426208.34,239978.03
2023-03-02,71536.00,1527644.37,872529.37,510161.80,175830.32
2023-03-03,105510.00,2570524.57,1284359.27,1062505.00,318956.90
2023-03-04,156042.00,3856656.11,1875247.25,1649641.71,716205.22
2023-03-05,110992.00,2722360.14,1338104.53,1153755.37,637404.07
2023-03-06,55191.00,1107094.90,613779.57,390920.57,127188.72
2023-03-07,95116.00,1810009.46,859841.18,819221.40,140156.03
2023-03-08,68437.00,1367245.48,783060.38,464352.89,154438.31
2023-03-09,82165.00,1786648.13,986943.90,655373.68,194355.33
2023-03-10,144151.00,3320422.20,1761567.57,1296103.87,345362.08
2023-03-11,204793.00,4873549.75,2458873.88,2021293.31,772525.60
2023-03-12,139711.00,3216947.71,1648929.47,1304634.97,706593.93
2023-03-13,109303.00,2090033.99,1158691.07,747691.44,355062.20
2023-03-14,165614.00,3112176.97,1445658.39,1429267.45,407891.72
2023-03-15,109205.00,2208256.00,1189154.50,830736.54,431674.59
2023-03-16,117243.00,2451321.10,1299970.42,941099.12,510346.18
2023-03-17,153142.00,3491851.85,1767331.51,1399917.89,650042.82
2023-03-18,182106.00,4349260.70,2179207.68,1785090.71,900216.08
2023-03-19,115655.00,2722866.37,1398258.11,1069230.23,806965.56
2023-03-20,55184.00,1139511.91,681058.88,351690.27,164393.96
2023-03-21,92244.00,1718050.55,907657.37,677382.32,179983.76
2023-03-22,61690.00,1277674.12,789172.33,367818.07,213013.72
2023-03-23,86829.00,2010261.35,1150634.73,681568.79,225781.10
2023-03-24,150113.00,3753416.00,1952512.23,1504530.86,424835.23
2023-03-25,203009.00,5191009.83,2545704.08,2232124.93,831101.18
2023-03-26,138768.00,3539861.64,1746832.11,1507988.39,685062.38
2023-03-27,73029.00,1526858.23,899928.07,494499.91,212726.34
2023-03-28,112535.00,2285322.94,1110204.59,991651.23,228051.90
2023-03-29,79263.00,1730095.72,1012781.24,542242.65,247985.27
2023-03-30,91351.00,2022855.73,1161291.23,666722.77,314532.41
2023-03-31,153464.00,3713912.57,1913192.97,1477473.37,449292.30
2023-04-01,203390.00,5212850.79,2587560.48,2189750.10,845843.37
2023-04-02,135875.00,3362365.78,1745909.93,1328283.33,619243.96
2023-04-03,95641.00,1796377.45,1252561.38,385126.46,132247.14
2023-04-04,132505.00,2428455.53,1485716.61,757271.84,126412.34
2023-04-05,160805.00,3843309.09,2152764.00,1406232.96,183461.92
2023-04-06,240299.00,5406683.50,3142919.00,1855641.32,265797.98
2023-04-07,395446.00,10363866.18,5035478.34,4524886.53,491180.80
2023-04-08,306137.00,8065049.67,3874681.50,3560339.90,698728.08
2023-04-09,227493.00,5746349.64,2915238.03,2366429.38,507661.25
2023-04-10,187302.00,4610380.18,2277781.14,1994285.97,239791.55
2023-04-11,136745.00,2867544.34,1392306.22,1280105.71,158760.06
2023-04-12,97172.00,2090988.56,1247563.79,687974.03,190657.43
2023-04-13,103147.00,2279958.21,1327958.99,771634.57,301967.36
2023-04-14,176423.00,4176409.32,2283568.93,1573403.59,385064.06
2023-04-15,256616.00,6593251.01,3254195.96,2827137.53,722869.00
2023-04-16,160936.00,4211857.00,2016308.26,1874313.73,556261.23
2023-04-17,62361.00,1317028.73,744198.52,467122.86,115178.44
2023-04-18,109270.00,2124841.85,1038847.69,944364.96,187374.91
2023-04-19,75665.00,1557604.07,928850.07,506149.12,170773.08
2023-04-20,87777.00,1902681.94,1109986.93,641306.21,194120.73
2023-04-21,182452.00,4171643.06,2285477.13,1555822.67,385868.52
2023-04-22,275169.00,6637899.15,3371496.99,2747149.51,764432.85
2023-04-23,189047.00,4604481.24,2299792.02,1939612.47,643587.34
2023-04-24,69764.00,1432837.09,824816.24,492734.10,153816.28
2023-04-25,114636.00,2165676.31,1047998.95,982841.86,161407.16
2023-04-26,76336.00,1519860.37,908652.28,497751.43,196818.76
2023-04-27,80568.00,1551011.67,941645.05,481089.23,222986.30
2023-04-28,145317.00,3114740.64,1683634.75,1167622.65,410513.05
2023-04-29,214777.00,4893441.28,2455497.37,2014914.06,685489.06
2023-04-30,160336.00,3688806.74,1844757.08,1517291.81,565754.97
2023-05-01,70625.00,1318627.39,803998.55,395537.27,131660.90
2023-05-02,107308.00,1963516.97,1017791.34,798432.27,138020.66
2023-05-03,77234.00,1550017.38,967767.39,451135.19,168586.74
2023-05-04,99859.00,2438092.62,1368847.31,891522.52,181765.02
2023-05-05,172043.00,4451118.80,2310408.46,1821781.17,317461.75
2023-05-06,221014.00,5857984.01,2882404.86,2556649.43,624613.67
2023-05-07,167477.00,4414269.25,2170254.19,1934839.40,515267.84
2023-05-08,81845.00,1761946.31,1058892.42,571767.31,104944.46
2023-05-09,120927.00,2569782.40,1254738.18,1152587.95,155297.28
2023-05-10,76002.00,1686247.76,1034107.44,515818.64,171579.21
2023-05-11,78972.00,1772595.85,1079128.62,545357.56,217231.59
2023-05-12,114090.00,2722716.72,1523501.94,993071.27,293946.86
2023-05-13,170756.00,4268727.60,2226159.72,1732263.18,507538.13
2023-05-14,113943.00,2842767.92,1464597.77,1162234.43,393860.92
2023-05-15,65081.00,1328356.04,825712.32,397817.42,123071.47
2023-05-16,108180.00,2143191.17,1087892.11,887391.85,170972.22
2023-05-17,73092.00,1569562.32,955291.04,463422.72,188294.04
2023-05-18,90269.00,2096530.29,1199024.79,707104.26,158362.49
2023-05-19,160867.00,4073095.53,2118614.26,1616948.88,280645.10
2023-05-20,243890.00,6059529.84,3110737.17,2435799.81,606641.07
2023-05-21,205719.00,5111060.86,2661022.08,2039977.81,613450.22
2023-05-22,157665.00,3858398.28,2005556.78,1569903.76,290980.50
2023-05-23,100986.00,2045631.30,1019013.60,885130.91,134826.39
2023-05-24,75921.00,1646030.73,998282.33,504808.71,121054.11
2023-05-25,83680.00,1830175.43,1102843.02,562586.27,110952.06
2023-05-26,141937.00,3519706.71,1843214.43,1395545.33,266715.37
2023-05-27,183266.00,4732858.29,2328977.13,2024555.40,497995.51
2023-05-28,128413.00,3300301.54,1620199.27,1415212.70,435920.67
2023-05-29,73729.00,1535655.91,917431.68,493921.81,130230.09
2023-05-30,116520.00,2347213.20,1189058.23,999704.68,148760.32
2023-05-31,87668.00,1767626.60,1138559.23,484012.36,151663.80
2023-06-01,118954.00,2685274.00,1595495.66,888792.21,171975.57
2023-06-02,216669.00,5329494.31,2806746.09,2157491.31,272821.96
2023-06-03,270238.00,6784685.96,3424518.22,2888077.94,513088.60
2023-06-04,192266.00,4886446.41,2425003.83,2121433.13,412830.42
2023-06-05,104292.00,2178938.13,1291458.30,735850.12,161403.42
2023-06-06,157282.00,3236764.52,1589248.30,1453155.25,247536.11
2023-06-07,104895.00,2285614.27,1368130.21,765931.18,180633.05
2023-06-08,117039.00,2591062.40,1545349.49,855787.31,211025.95
2023-06-09,210153.00,5038293.37,2747428.16,1933485.62,314203.40
2023-06-10,266265.00,6579294.14,3377923.09,2731678.05,572383.46
2023-06-11,195461.00,4882511.98,2444198.45,2085134.90,467425.623
2023-06-12,93008.00,1933677.35,1112712.14,674446.87,177296.34
2023-06-13,141258.00,2828415.91,1369758.93,1287320.63,201787.05
2023-06-14,96113.00,2019707.46,1184153.75,690163.47,206710.50
2023-06-15,107593.00,2430293.33,1373655.72,876232.49,204378.54
2023-06-16,184357.00,4292508.11,2281731.70,1701316.47,376721.27
2023-06-17,246494.00,5949768.10,2973878.23,2518808.60,545839.10
2023-06-18,179182.00,4444231.39,2158828.56,1935718.21,513244.93
2023-06-19,82941.00,1702890.81,961415.46,620847.90,171449.00
2023-06-20,137183.00,2686608.21,1260972.81,1261148.82,476133.89
2023-06-21,83476.00,1752362.92,992019.83,627280.39,212566.14
2023-06-22,83984.00,1775564.45,996776.41,642364.03,277234.07
2023-06-23,137800.00,3115687.78,1637531.55,1235227.21,350296.02
2023-06-24,207640.00,4853489.45,2421954.30,2036415.34,549337.11
2023-06-25,131416.00,3094195.23,1540230.54,1295523.07,490895.45
2023-06-26,97457.00,1926341.63,1093885.04,687373.36,195223.94
2023-06-27,151817.00,2790307.81,1370787.65,1229290.40,246892.72
2023-06-28,104293.00,2102602.93,1210123.19,731018.55,257874.55
2023-06-29,124383.00,2683387.25,1512473.93,959760.09,274724.22
2023-06-30,174215.00,4064446.92,2147044.16,1602486.89,356069.34
2023-07-01,195693.00,4588305.42,2428182.47,1788191.61,456217.83
2023-07-02,230203.00,5363627.58,2826892.28,2137460.43,558501.46
2023-07-03,177294.00,3909640.15,2096774.81,1547419.17,396125.70
2023-07-04,171319.00,3188751.03,1581837.00,1391487.98,207418.97
2023-07-05,112245.00,2328200.54,1354671.99,785835.80,258390.66
2023-07-06,125871.00,2665613.01,1507437.43,952845.03,284553.58
2023-07-07,161558.00,3623852.55,1966435.69,1376533.52,310894.41
2023-07-08,183795.00,4223109.78,2240540.22,1643658.23,504517.97
2023-07-09,156582.00,3501487.60,1897239.52,1330017.27,505663.01
2023-07-10,137332.00,2677232.14,1615728.80,837005.97,215280.67
2023-07-11,212585.00,4021351.61,2007255.15,1718076.68,308113.52
2023-07-12,138945.00,3035799.52,1777142.63,1022604.71,292935.59
2023-07-13,152660.00,3306918.66,1949521.59,1088009.01,295832.15
2023-07-14,180707.00,4125947.92,2342558.04,1441774.98,363679.00
2023-07-15,248795.00,5796883.77,3143061.09,2196500.80,660801.56
2023-07-16,207243.00,4657039.60,2606035.07,1666521.06,601070.28
2023-07-17,159587.00,3031099.20,1981963.28,785290.94,243704.11
2023-07-18,241694.00,4371785.14,2503674.90,1535945.88,271939.23
2023-07-19,188423.00,3572863.57,2416953.78,844449.94,320746.02
2023-07-20,237967.00,5306092.88,3130764.74,1793979.00,309315.27
2023-07-21,357276.00,8655352.04,4625024.80,3477591.94,375375.91
2023-07-22,369394.00,9126319.52,4767350.96,3791962.27,544736.41
2023-07-23,328472.00,8079058.16,4201575.66,3384490.83,485600.86
2023-07-24,316236.00,6582274.80,3837662.81,2328728.12,288230.90
2023-07-25,359136.00,7615331.22,3768401.72,3299473.70,297714.22
2023-07-26,301088.00,6702758.81,3865132.89,2316655.57,287798.82
2023-07-27,290670.00,6542117.73,3715706.36,2352104.32,332123.38
2023-07-28,319133.00,7494115.45,4079288.02,2900565.79,426687.80
2023-07-29,357394.00,8584095.81,4497404.57,3524273.36,601116.41
2023-07-30,269672.00,6581325.32,3366160.72,2797062.90,555601.09
2023-07-31,243760.00,4986248.98,2868977.70,1790684.67,248247.42
2023-08-01,285176.00,6058995.34,2845084.00,2828094.08,322839.07
2023-08-02,218638.00,5039607.70,2770452.62,1902330.30,276266.70
2023-08-03,222574.00,5086183.83,2797575.04,1916464.85,280882.72
2023-08-04,250233.00,5828669.86,3171391.48,2225703.87,324350.06
2023-08-05,264937.00,6294610.49,3345091.06,2494625.28,500997.74
2023-08-06,260027.00,6074212.86,3299588.70,2355295.88,565285.03
2023-08-07,293629.00,6453801.92,3494169.57,2539308.80,406971.06
2023-08-08,261878.00,5172307.19,2468844.21,2369919.61,291914.33
2023-08-09,170847.00,3812024.79,2120675.05,1402160.91,322391.33
2023-08-10,170402.00,3788806.66,2100636.70,1401395.97,324120.65
2023-08-11,195164.00,4349156.39,2358501.96,1645700.82,400881.95
2023-08-12,235304.00,5416416.13,2835005.06,2152966.80,618483.76
2023-08-13,177368.00,3983146.31,2092095.35,1595903.44,518261.89
2023-08-14,136645.00,2622223.33,1516651.20,905453.76,262135.03
2023-08-15,208963.00,4026779.55,1862842.40,1895264.46,328023.31
2023-08-16,123383.00,2659526.73,1458782.29,999643.90,338442.13
2023-08-17,122070.00,2690287.21,1461385.27,1015066.52,338932.02
2023-08-18,173511.00,3974227.18,2071644.56,1579611.17,424219.47
2023-08-19,180195.00,4192766.29,2159672.38,1688052.35,649207.74
2023-08-20,135827.00,3179676.80,1626197.20,1292710.75,539882.57
2023-08-21,108669.00,2147715.78,1205003.78,770688.77,277052.78
2023-08-22,197072.00,3381834.33,1626754.70,1509005.86,298365.43
2023-08-23,257578.00,3174579.00,1928353.61,936812.07,345723.65
2023-08-24,208252.00,2740351.74,1613940.35,838816.44,392003.56
2023-08-25,222366.00,3483397.18,1965699.16,1163103.66,400639.45
2023-08-26,245750.00,3971911.26,2113897.80,1457226.75,642709.29
2023-08-27,254356.00,5507972.20,1190224.61,3944959.96,535832.15
2023-08-28,95356.00,1910755.49,1067926.14,670975.09,253812.40
2023-08-29,145553.00,2729944.55,1298267.85,1225466.90,297908.54
2023-08-30,105559.00,2190221.46,1229250.78,791202.79,331322.24
2023-08-31,234485.00,5044714.58,3956181.26,758452.81,329186.31
2023-09-01,155680.00,3389571.47,2018634.80,1064620.53,367014.91
2023-09-02,166879.00,3719475.38,2012569.59,1372215.14,533165.53
2023-09-03,163719.00,3675343.71,1961293.18,1403888.05,609310.25
2023-09-04,134263.00,2953787.81,1574076.87,1150641.82,358260.98
2023-09-05,88629.00,1642415.22,865335.15,658048.20,139640.22
2023-09-06,68972.00,1272866.16,831227.92,333400.96,143455.49
2023-09-07,100969.00,1809002.37,1166940.68,485719.55,165377.05
2023-09-08,170092.00,3383564.86,1902571.16,1216383.18,287073.05
2023-09-09,205839.00,4400909.64,2284477.76,1777669.12,576839.34
2023-09-10,150027.00,3157616.07,1631242.79,1289155.97,428808.18
2023-09-11,78021.00,1340272.17,781019.83,465332.23,162823.54
2023-09-12,114828.00,2068633.45,984792.25,948011.80,152369.28
2023-09-13,74405.00,1510663.70,845707.74,560254.28,179636.79
2023-09-14,68412.00,1467731.87,800659.45,555762.86,186754.83
2023-09-15,99365.00,2359849.45,1261256.04,901213.58,336923.13
2023-09-16,138656.00,3344707.89,1720518.67,1334082.44,619186.08
2023-09-17,91148.00,2178467.54,1133789.55,860836.99,511144.25
2023-09-18,43783.00,876890.38,514935.28,294222.51,136964.54
2023-09-19,81910.00,1518732.35,749833.76,672877.29,138092.12
2023-09-20,47139.00,970847.79,576144.52,317880.64,186889.04
2023-09-21,48227.00,1050627.30,609273.68,350761.19,197639.06
2023-09-22,81944.00,1937365.37,1016290.73,748014.18,330598.55
2023-09-23,118338.00,2862014.93,1444387.70,1160986.08,628942.30
2023-09-24,73694.00,1741013.92,896947.17,684135.86,514368.87
2023-09-25,40455.00,793640.03,486020.75,243473.46,136544.73
2023-09-26,77076.00,1417219.08,761511.09,551275.95,179500.98
2023-09-27,49489.00,986323.73,582306.39,326071.98,180761.01
2023-09-28,55339.00,1193770.82,693460.60,397311.22,196485.33
2023-09-29,109714.00,2659230.93,1340731.36,1096658.65,368281.51
2023-09-30,150521.00,3769352.93,1805039.00,1635027.14,680142.51
2023-10-01,104606.00,2616514.96,1270984.79,1107220.99,562520.71
2023-10-02,60454.00,1346786.40,736104.52,502125.45,209396.06
2023-10-03,73427.00,1449179.12,717697.23,625703.40,164824.75
2023-10-04,45433.00,974416.4825,596889.61,290776.0725,158628.72
2023-10-05,55993.00,1224453.75,720248.79,393873.35,202255.14
2023-10-06,107221.00,2616590.45,1333542.38,1057676.94,298460.49
2023-10-07,140778.00,3325040.70,1694291.30,1329964.58,530702.96
2023-10-08,120706.00,2756860.12,1469904.30,1030422.16,496325.90
2023-10-09,106653.00,2457982.09,1272182.80,970780.51,253458.57
2023-10-10,73836.00,1398215.28,712503.92,585862.24,124248.03
2023-10-11,43800.00,952591.66,592669.58,276802.32,155792.43
2023-10-12,54312.00,1209443.82,772455.17,333721.77,172132.03
2023-10-13,87484.00,3394879.96,1176110.06,2026922.60,308174.92
2023-10-14,128193.00,4354015.61,1649059.68,2404873.77,650341.57
2023-10-15,85365.00,2778022.18,1123012.06,1453823.34,532223.47
2023-10-16,40898.00,862046.81,559669.36,213237.12,121021.47
2023-10-17,69499.00,1307305.942,742239.57,459488.682,201688.17
2023-10-18,50436.00,1015689.19,674603.79,250716.83,204167.15
2023-10-19,58548.00,1531939.60,810630.81,614481.57,191127.61
2023-10-20,106240.00,3022169.35,1398883.48,1399573.05,355539.11
2023-10-21,146195.00,4159441.45,1830074.87,2011969.87,712349.33
2023-10-22,97906.00,2698277.56,1235371.35,1253516.04,533150.87
2023-10-23,47828.00,932682.66,601243.74,251201.53,129464.16
2023-10-24,78879.00,1431966.40,815047.75,514021.40,147530.82
2023-10-25,116420.00,1247376.28,854917.81,280264.24,245359.49
2023-10-26,105456.00,2048179.29,1092700.92,809739.32,255558.37
2023-10-27,155079.00,3972678.45,1758703.71,1955399.88,297485.23
2023-10-28,167856.00,4491271.93,1935462.86,2237148.76,590435.73
2023-10-29,120603.00,3154878.37,1381205.56,1544840.61,486633.28
2023-10-30,55039.00,1048235.31,572396.66,396154.38,98154.72
2023-10-31,74001.00,1427060.49,635605.45,696955.71,96042.79
2023-11-01,57723.00,1094370.22,642418.79,357913.00,147511.87
2023-11-02,65309.00,1251412.31,712660.94,442804.33,197323.19
2023-11-03,104498.00,2360036.59,1195175.94,978937.44,294295.89
2023-11-04,148927.00,4020607.27,1739704.44,1941113.47,682958.01
2023-11-05,87611.00,2305824.57,1089243.51,1027120.25,617293.29
2023-11-06,34891.00,716836.51,423710.30,225899.13,94412.76
2023-11-07,66653.00,1241186.78,644017.56,505062.42,189624.48
2023-11-08,49803.00,979171.50,633902.06,257102.80,144771.26
2023-11-09,64653.00,1527021.01,872837.95,526819.80,201355.28
2023-11-10,112416.00,2828196.10,1481523.73,1115867.37,369171.79
2023-11-11,160133.00,4106670.06,2035175.00,1739511.02,747319.20
2023-11-12,116693.00,2953465.81,1505752.13,1214035.33,672052.70
2023-11-13,74813.00,1598639.59,935305.13,539369.61,242609.81
2023-11-14,81742.00,1574461.65,820267.94,639436.67,166332.15
2023-11-15,59259.00,1156564.88,741616.18,314208.52,226779.52
2023-11-16,78250.00,1703360.98,1015108.82,550850.55,163722.14
2023-11-17,150257.00,3867492.75,1891514.65,1680422.60,408476.16
2023-11-18,188141.00,4993364.73,2326947.56,2260637.33,732700.06
2023-11-19,124079.00,3277469.03,1523897.72,1490032.09,593854.89
2023-11-20,62911.00,1248893.72,718609.17,425418.46,129980.63
2023-11-21,103149.00,2218447.02,1034782.14,1032560.49,136791.10
2023-11-22,78917.00,1779691.22,1013148.25,630651.02,186400.94
2023-11-23,84802.00,1883301.76,1081098.97,645006.45,331188.34
2023-11-24,133162.00,3273907.06,1665302.54,1347602.62,437594.80
2023-11-25,181029.00,4649870.92,2222352.04,2071196.99,739458.09
2023-11-26,117899.00,3016936.01,1414504.86,1364202.39,615358.46
2023-11-27,45911.00,968272.16,551427.98,336837.65,166547.25
2023-11-28,92005.00,1809415.29,925629.74,762336.28,172060.84
2023-11-29,69779.00,1376151.56,859459.36,410478.31,217520.81
2023-11-30,78480.00,1672352.55,1009345.36,528053.74,280125.50
2023-12-01,137136.00,3148074.90,1775651.82,1139113.88,498750.81
2023-12-02,191247.00,4654165.22,2406330.06,1891969.55,888179.25
2023-12-03,129950.00,3220880.58,1615963.14,1361371.38,557459.04
2023-12-04,67658.00,1339515.71,814847.20,427926.89,130987.29
2023-12-05,95584.00,1894600.83,971300.87,800062.06,186472.46
2023-12-06,70277.00,1490282.41,912358.96,468267.07,309434.63
2023-12-07,73859.00,1613374.15,972282.45,523397.90,335151.21
2023-12-08,111226.00,2590727.62,1456551.16,935719.11,571999.60
2023-12-09,149422.00,3728239.04,1923196.51,1506028.48,809428.51
2023-12-10,107550.00,2665801.05,1369375.48,1086429.10,565627.68
2023-12-11,57390.00,1124941.71,696630.16,339625.44,176287.27
2023-12-12,89581.00,1751911.14,904811.06,734085.12,355641.54
2023-12-13,60396.00,1317127.74,776180.09,437484.19,341139.42
2023-12-14,69397.00,1519474.20,892696.05,505225.68,406984.29
2023-12-15,108511.00,2596195.86,1387063.56,1010837.49,593161.33
2023-12-16,147069.00,3728543.6505,1861572.28,1557116.7505,804099.71
2023-12-17,114713.00,2865464.23,1467836.13,1163232.78,633944.09
2023-12-18,71552.00,1408466.33,820439.55,480882.64,211493.27
2023-12-19,113300.00,2199123.58,1133303.57,905652.30,258875.18
2023-12-20,93980.00,1860821.51,1153180.14,550619.20,270636.91
2023-12-21,115132.00,2435768.32,1424033.76,826102.36,348796.35
2023-12-22,149197.00,3444450.36,1895666.96,1274256.46,403765.95
2023-12-23,161309.00,3851254.40,2083555.75,1443509.45,429822.05
2023-12-24,125160.00,2814856.57,1629860.42,932448.33,205038.58
2023-12-25,177154.00,4029041.87,2254175.22,1480611.21,106664.51
2023-12-26,257876.00,5417752.37,2580643.24,2422512.13,379489.52
2023-12-27,226029.00,5085380.53,2818071.69,1904199.25,487397.07
2023-12-28,228155.00,5217697.70,2827067.37,1997988.44,605982.49
2023-12-29,223301.00,5183153.96,2789792.53,1989347.66,611444.63
2023-12-30,219389.00,5126050.33,2745088.27,1988446.74,795374.82
2023-12-31,134520.00,3272870.13,1657320.76,1327447.58,590958.20
2024-01-01,181136.00,3969685.90,2166413.85,1503266.90,429860.80
2024-01-02,225426.00,4336729.90,2154256.80,1873246.58,371049.99
2024-01-03,156434.00,3389377.11,1873155.76,1277179.85,390057.44
2024-01-04,162519.00,3543374.65,1935662.37,1346291.07,424066.03
2024-01-05,185275.00,4285455.20,2276930.97,1681751.28,524512.13
2024-01-06,197515.00,4747146.32,2456390.69,1938729.41,759401.77
2024-01-07,111483.00,2636850.95,1354862.98,1074011.98,571828.67
2024-01-08,47206.00,934167.54,547789.37,314635.43,109846.57
2024-01-09,66625.00,1297890.52,640147.18,572713.70,85624.34
2024-01-10,49345.00,1045787.50,616079.52,350388.92,118811.35
2024-01-11,55462.00,1189175.60,694401.77,402868.31,184848.07
2024-01-12,101296.00,2512007.65,1264824.14,1054685.99,292517.23
2024-01-13,165329.00,4108216.54,2019649.95,1777339.24,788939.29
2024-01-14,110022.00,2707166.13,1333953.06,1168938.02,531299.97
2024-01-15,41454.00,870011.15,489936.23,314906.59,138081.54
2024-01-16,76999.00,1568224.91,733176.55,743606.26,161420.84
2024-01-17,45573.00,975699.86,574858.99,330080.86,137072.90
2024-01-18,51876.00,1127810.55,658382.03,380395.63,167583.64
2024-01-19,120392.00,2819065.08,1483987.14,1115524.41,389982.83
2024-01-20,160874.00,4010918.76,1944000.47,1738890.83,827220.54
2024-01-21,93907.00,2309150.83,1131524.57,984568.33,640493.88
2024-01-22,35775.00,762404.24,422738.60,277865.76,180437.53
2024-01-23,65885.00,1285573.46,625605.45,573407.26,153185.26
2024-01-24,41047.00,919081.85,526368.06,316386.00,148052.28
2024-01-25,53964.00,1209129.79,724573.98,386414.52,181166.90
2024-01-26,111482.00,2628750.80,1479981.89,920151.09,402659.88
2024-01-27,159720.00,3925589.75,2015485.34,1562184.51,843881.42
2024-01-28,90488.00,2179235.72,1133615.13,838674.43,634547.87
2024-01-29,41782.00,863594.77,531592.28,261095.16,102370.62
2024-01-30,72570.00,1406943.40,715769.71,595720.18,145175.07
2024-01-31,46601.00,996187.95,596252.31,317659.24,191202.84
2024-02-01,61022.00,1202619.61,729319.17,366060.54,165890.13
2024-02-02,105522.00,2397384.77,1290348.16,892418.84,343356.64
2024-02-03,149676.00,3607242.30,1829223.97,1450016.87,703302.72
2024-02-04,88885.00,2037376.72,1055628.23,784698.90,678071.82
2024-02-05,45920.00,725958.44,444748.91,208201.44,98803.80
2024-02-06,111148.00,1833219.07,694651.08,1020351.69,149516.87
2024-02-07,43170.00,822448.02,513156.25,237368.19,160552.69
2024-02-08,46375.00,898941.69,557351.06,259958.48,146025.08
2024-02-09,81928.00,1812662.64,995371.03,648487.87,296339.69
2024-02-10,130157.00,3057066.70,1572106.12,1178184.79,719356.56
2024-02-11,76471.00,1620631.24,885150.87,565440.23,563032.37
2024-02-12,54683.00,837342.09,555394.54,189063.85,104447.05
2024-02-13,120433.00,1933139.61,882517.06,903806.42,147270.37
2024-02-14,92813.00,2462989.65,1187479.24,1111832.09,242587.05
2024-02-15,60892.00,1297699.29,757130.71,422402.11,173588.63
2024-02-16,114314.00,2669338.44,1439181.96,986817.06,352806.85
2024-02-17,166557.00,3987301.40,2054455.40,1581974.85,830328.32
2024-02-18,160244.00,3692000.75,1951840.70,1421673.28,926124.49
2024-02-19,143862.00,3147447.91,1623711.04,1248420.40,604286.38
2024-02-20,153268.00,2486810.63,978721.13,1337140.77,172644.86
2024-02-21,54437.00,1094904.51,670511.65,322777.74,167135.66
2024-02-22,57635.00,1208405.01,724679.35,370475.50,203417.41
2024-02-23,93468.00,2097410.25,1118816.26,782968.86,353029.77
2024-02-24,137087.00,3208150.75,1606317.92,1291941.34,766817.69
2024-02-25,93844.00,2129586.93,1098307.29,824219.00,649789.47
2024-02-26,60551.00,1019767.82,684043.68,232507.64,114285.90
2024-02-27,133294.00,2186796.86,1041788.59,990858.29,159982.11
2024-02-28,58226.00,1196179.43,829684.69,248885.40,166407.49
2024-02-29,77250.00,1990646.00,1110620.33,722237.59,212092.71
2024-03-01,123300.00,3448094.68,1745464.03,1458661.64,411852.31
2024-03-02,187663.00,5119859.93,2515216.93,2264422.11,780231.69
2024-03-03,114741.00,3178224.16,1517642.90,1433280.75,597846.07
2024-03-04,81246.00,1776294.49,1046029.91,586584.44,133022.57
2024-03-05,143132.00,3094600.65,1693514.21,1186391.27,142028.86
2024-03-06,118503.00,2571947.49,1661579.83,690023.99,163442.62
2024-03-07,123041.00,2747664.45,1693253.86,839076.89,168600.84
2024-03-08,200145.00,4933206.99,2723451.10,1855025.12,321933.58
2024-03-09,261557.00,6780111.57,3490972.31,2804534.58,715939.58
2024-03-10,177412.00,4547599.08,2307581.54,1909415.62,649113.25
2024-03-11,125136.00,2539954.64,1486896.23,860126.62,310055.04
2024-03-12,182539.00,3903991.51,1930665.13,1721988.58,330119.11
2024-03-13,124834.00,2780464.68,1671622.93,897894.21,346164.62
2024-03-14,126024.00,2859468.53,1627511.43,1018985.75,425443.54
2024-03-15,160965.00,3861353.68,2110029.58,1450215.53,592194.52
2024-03-16,186588.00,4724665.08,2451180.43,1903616.08,893151.55
2024-03-17,120803.00,3024456.14,1573497.39,1214300.78,633217.97
2024-03-18,57161.00,1181573.19,727124.02,358860.24,179861.96
2024-03-19,99604.00,1983651.95,1051771.38,807214.31,145754.64
2024-03-20,74079.00,1595910.02,1003029.31,467490.41,172374.21
2024-03-21,77338.00,1784851.36,1039086.49,610511.58,212943.16
2024-03-22,126749.00,3176015.12,1660576.96,1278941.19,355582.88
2024-03-23,193596.00,5030023.43,2491253.41,2156966.61,787599.97
2024-03-24,122489.00,3119582.13,1555088.40,1322122.89,640826.21
2024-03-25,68852.00,1425108.90,861366.11,449707.33,322621.37
2024-03-26,118080.00,2367460.57,1229117.62,980920.62,314998.27
2024-03-27,87317.00,1870921.90,1145386.39,578097.47,295375.26
2024-03-28,129923.00,3050370.77,1756157.59,1064055.24,353423.78
2024-03-29,242659.00,6268500.00,3218904.28,2603223.77,591705.62
2024-03-30,188197.00,4835544.11,2476603.41,1995870.01,761173.57
2024-03-31,139853.00,3448773.87,1843660.67,1358300.55,501333.18
2024-04-01,102802.00,2412131.85,1303147.56,940280.95,256393.19
2024-04-02,88860.00,1852665.12,931526.59,805944.48,181460.42
2024-04-03,52424.00,1174309.89,685765.03,403955.50,240263.80
2024-04-04,57339.00,1347722.12,781336.83,464951.42,232531.37
2024-04-05,106919.00,2594881.27,1411876.92,987101.88,369338.10
2024-04-06,158423.00,4040871.51,2050610.46,1679452.65,758931.46
2024-04-07,94455.00,2385764.82,1214936.71,992876.31,600629.14
2024-04-08,40431.00,888255.44,508352.36,310962.76,154891.81
2024-04-09,68290.00,1384512.78,699938.20,599763.89,164305.31
2024-04-10,49132.00,1097264.81,637873.14,372761.27,217371.18
2024-04-11,56316.00,1306459.09,748222.96,459857.94,208409.65
2024-04-12,100696.00,2483694.07,1335189.75,954226.07,357842.38
2024-04-13,146268.00,3771901.79,1872622.42,1591247.58,736494.59
2024-04-14,85079.00,2155653.35,1080741.38,902937.20,539742.85
2024-04-15,39485.00,819738.36,470014.55,291791.39,130117.06
2024-04-16,69825.00,1428892.56,694919.68,645989.15,182693.42
2024-04-17,42020.00,935671.75,525469.18,339629.32,198893.59
2024-04-18,47078.00,1084039.84,612297.91,389064.78,203501.92
2024-04-19,88846.00,2212318.38,1156688.71,870044.38,373927.72
2024-04-20,130580.00,3324832.36,1669233.72,1370326.64,752180.97
2024-04-21,82131.00,2034970.36,1033260.81,825690.12,525839.28
2024-04-22,36445.00,777071.80,437874.53,282423.34,119388.12
2024-04-23,71247.00,1360356.79,688235.58,586465.92,146639.82
2024-04-24,40549.00,859654.80,514523.57,283167.34,205694.07
2024-04-25,46086.00,1033791.41,586409.55,371198.89,223310.54
2024-04-26,74954.00,1824114.59,960713.66,711231.26,374790.27
2024-04-27,121812.00,3079428.41,1535724.62,1273908.28,788571.62
2024-04-28,82115.00,1979157.64,1023062.80,784656.63,592598.88
2024-04-29,42622.00,874094.36,505769.85,307835.64,137665.61
2024-04-30,75106.00,1445909.00,739031.58,620553.85,171098.50
2024-05-01,42443.00,949175.12,561053.06,320241.76,221051.87
2024-05-02,51171.00,1172282.08,693855.40,398487.41,196971.92
2024-05-03,97667.00,2492994.45,1320252.38,1006805.70,322770.81
2024-05-04,118878.00,3171920.47,1577652.92,1371752.78,624693.49
2024-05-05,92475.00,2354148.96,1212871.71,971361.02,491885.86
2024-05-06,41127.00,912716.40,526812.40,327492.91,123725.32
2024-05-07,77783.00,1588999.94,781159.00,721539.96,152411.87
2024-05-08,47994.00,1080057.81,656797.27,349662.05,127250.56
2024-05-09,59157.00,1374210.39,824877.14,458136.16,188248.47
2024-05-10,97517.00,2509270.03,1332153.20,1005147.93,297526.07
2024-05-11,145766.00,3831392.33,1943998.11,1621731.01,608879.09
2024-05-12,93732.00,2419162.80,1241077.10,1008132.26,375010.60
2024-05-13,49981.00,1074469.74,630030.01,377669.44,114902.17
2024-05-14,90848.00,1839587.97,906817.67,837621.02,127036.36
2024-05-15,50244.00,1119054.38,652448.75,390121.42,195268.51
2024-05-16,56794.00,1251358.52,740283.85,415523.99,185411.48
2024-05-17,130639.00,3225748.16,1657886.14,1330995.57,306626.82
2024-05-18,161449.00,4063610.75,2025992.43,1723537.28,614720.97
2024-05-19,157308.00,3967895.03,1991717.40,1692660.27,649963.89
2024-05-20,132704.00,3223670.17,1778059.56,1184232.68,331971.89
2024-05-21,84851.00,1684986.90,855061.59,711799.47,131697.34
2024-05-22,47926.00,1032009.34,619604.26,333820.22,146896.40
2024-05-23,56616.00,1291490.47,754200.50,439778.95,203641.70
2024-05-24,112909.00,2839694.05,1475779.59,1152967.19,258215.33
2024-05-25,185635.00,4769207.40,2324464.70,2078554.23,624212.93
2024-05-26,112230.00,2915244.93,1412791.54,1270766.87,480458.25
2024-05-27,50601.00,1129743.29,637667.75,408437.11,107281.07
2024-05-28,92154.00,1911459.31,920555.63,878167.57,151251.92
2024-05-29,45008.00,1028887.25,585767.10,366115.59,180449.39
2024-05-30,49714.00,1154403.69,644367.07,421706.68,160522.03
2024-05-31,85879.00,2090274.78,1071682.54,861073.53,280936.21
2024-06-01,125381.00,3196795.92,1551222.61,1386369.10,523422.33
2024-06-02,103200.00,2544660.04,1264259.69,1075024.31,457867.61
2024-06-03,42846.00,924151.13,515390.03,333862.62,142329.88
2024-06-04,72153.00,1443533.22,704183.89,646598.98,172096.16
2024-06-05,41755.00,916889.95,529676.05,311109.35,204057.70
2024-06-06,51537.00,1205367.03,678474.33,433038.53,208822.71
2024-06-07,110404.00,2826002.19,1418093.79,1198719.03,323224.84
2024-06-08,143385.00,3710201.75,1830346.72,1578106.46,545500.74
2024-06-09,104605.00,2695605.12,1335802.71,1137637.26,400339.70
2024-06-10,48134.00,1062693.90,627729.88,352320.48,164135.45
2024-06-11,86280.00,1809919.54,922159.01,775378.25,203582.88
2024-06-12,54031.00,1156017.72,702116.15,366492.72,267800.82
2024-06-13,72525.00,1625433.66,989973.79,507844.68,266061.00
2024-06-14,177107.00,4550531.75,2418640.64,1849629.33,353491.61
2024-06-15,234392.00,6208886.10,3165135.11,2624280.14,562705.00
2024-06-16,186259.00,4983962.06,2529385.19,2110738.43,489171.52
2024-06-17,99068.00,2168655.81,1270269.95,771987.32,180886.35
2024-06-18,148529.00,3212279.01,1605456.86,1440090.43,205781.79
2024-06-19,101685.00,2258800.45,1328036.89,808564.59,252545.01
2024-06-20,111684.00,2547327.22,1469265.74,928847.71,317081.38
2024-06-21,169935.00,4033872.84,2258052.91,1522613.24,304538.69
2024-06-22,244925.00,6231621.04,3236186.18,2559299.67,558915.15
2024-06-23,220850.00,5411816.02,2843493.28,2193406.73,467065.68
2024-06-24,122050.00,2494114.06,1424360.21,902679.76,220835.38
2024-06-25,175733.00,3506574.36,1767723.64,1557668.95,541612.62
2024-06-26,130067.00,2698534.64,1611738.40,923451.14,261950.12
2024-06-27,161859.00,3522918.00,2064586.04,1232903.20,356665.43
2024-06-28,210799.00,4932974.09,2758658.88,1847243.44,360253.74
2024-06-29,288735.00,6816202.25,3683608.98,2655677.61,558267.18
2024-06-30,232509.00,5522936.70,2989657.43,2172697.63,567886.64
2024-07-01,160342.00,3679791.09,2026979.41,1405557.01,322180.52
2024-07-02,189598.00,3672473.58,1950678.40,1507080.47,214391.35
2024-07-03,168129.00,4022523.96,2183375.32,1610502.53,228149.30
2024-07-04,147642.00,3382550.20,1919664.21,1255415.73,250529.32
2024-07-05,184714.00,4394851.84,2426743.55,1686284.28,290086.28
2024-07-06,237417.00,5813942.09,3071257.94,2363759.46,478868.84
2024-07-07,160625.00,3913058.30,2087071.95,1566723.89,542546.14
2024-07-08,114121.00,2346224.44,1404405.47,790908.59,179697.70
2024-07-09,196225.00,3986505.35,2014848.10,1734872.47,245456.77
2024-07-10,158468.00,3488507.98,1961344.70,1299952.79,295110.36
2024-07-11,140174.00,3100837.09,1742850.14,1144081.92,233064.41
2024-07-12,166636.00,3833784.54,2019418.04,1538614.19,283890.18
2024-07-13,182294.00,4345886.77,2206341.60,1808841.13,459117.24
2024-07-14,145851.00,3426925.71,1763188.02,1406260.75,445448.35
2024-07-15,126148.00,2544439.77,1449218.24,914834.17,250228.12
2024-07-16,200339.00,3947700.42,1954600.37,1749277.10,239617.14
2024-07-17,113819.00,2527279.10,1455843.06,898486.17,269559.16
2024-07-18,128758.00,2935398.01,1760168.48,985350.25,306084.31
2024-07-19,170268.00,4151441.46,2285790.18,1597579.58,396756.65
2024-07-20,195811.00,4887701.13,2605664.13,1930146.17,535979.14
2024-07-21,165135.00,4030990.32,2203444.00,1540425.25,467066.20
2024-07-22,135700.00,2839499.62,1797985.73,836393.88,238964.23
2024-07-23,229843.00,4626638.37,2536674.64,1783042.47,277639.91
2024-07-24,173263.00,3802369.07,2358289.22,1167421.54,315529.96
2024-07-25,208850.00,6183021.35,2916690.91,2931506.40,323026.47
2024-07-26,254034.00,7583661.02,3641848.02,3528092.45,371163.86
2024-07-27,261845.00,7760662.54,3712904.77,3622967.00,515457.19
2024-07-28,237301.00,6801602.71,3350641.05,3074571.27,450520.32
2024-07-29,207564.00,4922907.01,2781069.10,1846511.06,282267.60
2024-07-30,292606.00,6780687.75,3202670.34,3191871.18,300682.79
2024-07-31,203934.00,5100161.95,2830028.59,1910630.06,278462.49
2024-08-01,179124.00,4548909.98,2512469.31,1707517.10,307448.16
2024-08-02,227043.00,5883761.53,3163754.06,2315094.07,332719.50
2024-08-03,250380.00,6644667.11,3474786.10,2725087.52,461413.88
2024-08-04,240165.00,6324953.49,3315333.43,2603074.12,513854.73
2024-08-05,231775.00,5708958.60,3030401.70,2323246.99,390103.19
2024-08-06,226245.00,4878020.49,2333147.51,2239112.97,329691.14
2024-08-07,132610.00,3188980.99,1755846.46,1194335.01,300432.56
2024-08-08,144932.00,3558956.51,1924420.28,1366101.14,295560.09
2024-08-09,215848.00,5527022.23,2838164.98,2307325.97,414456.18
2024-08-10,220235.00,5785400.69,2920465.14,2463285.06,586142.12
2024-08-11,179780.00,4642535.63,2346809.15,1970303.65,558243.05
2024-08-12,138936.00,3079157.25,1715575.33,1153387.58,256971.20
2024-08-13,198251.00,4389268.26,2013191.49,2106510.82,309137.41
2024-08-14,127500.00,3053505.19,1680241.72,1149756.05,335961.38
2024-08-15,142793.00,3624894.82,1909785.69,1459328.52,333995.31
2024-08-16,193993.00,4968115.15,2624982.86,1979326.97,381364.26
2024-08-17,235749.00,6107548.94,3135373.46,2525495.14,627271.93
2024-08-18,196245.00,4919687.01,2561667.20,2006721.65,604768.64
2024-08-19,145614.00,3089861.43,1746456.08,1123340.33,298687.29
2024-08-20,206534.00,4370933.66,2003901.94,2086671.10,329150.84
2024-08-21,128904.00,3047186.01,1665662.41,1160023.12,344719.91
2024-08-22,111267.00,2645105.25,1418662.38,1022677.68,341404.58
2024-08-23,130549.00,3263024.88,1702065.52,1288505.69,382655.47
2024-08-24,154703.00,4010381.37,2025824.20,1658233.28,620188.82
2024-08-25,115427.00,2882529.55,1472708.48,1180084.51,527209.77
2024-08-26,88211.00,1898230.73,1051156.28,695989.14,269930.75
2024-08-27,142601.00,2951508.36,1345219.61,1414744.94,313556.89
2024-08-28,85178.00,2010688.14,1063928.31,795870.44,339179.87
2024-08-29,74270.00,1767357.46,948049.30,677763.04,308617.80
2024-08-30,97664.00,2463146.89,1289870.78,948174.72,338940.21
2024-08-31,141142.00,3476811.13,1832462.68,1350346.56,518992.92
2024-09-01,134956.00,3320629.23,1768668.77,1276235.11,525976.67
2024-09-02,110853.00,2622238.94,1402281.01,1016343.67,299500.35
2024-09-03,84736.00,1636500.37,824819.25,695864.59,146400.76
2024-09-04,71956.00,1143680.80,641611.00,417051.11,141430.20
2024-09-05,93422.00,1429781.11,784044.13,534737.95,147511.22
2024-09-06,115185.00,3096926.96,1483616.49,1392111.55,197930.56
2024-09-07,179884.00,4878042.74,2314276.48,2214615.32,484598.02
2024-09-08,108377.00,2899735.96,1388073.70,1311288.59,469305.13
2024-09-09,49752.00,1125733.61,623843.93,421621.65,122013.54
2024-09-10,82650.00,1867281.22,829060.89,935440.38,190429.71
2024-09-11,48990.00,1172099.4283,655119.99,431602.6783,158449.40
2024-09-12,56701.00,1326955.37,750815.43,480143.21,200595.51
2024-09-13,112965.00,2811654.17,1453733.32,1162031.52,268449.16
2024-09-14,151181.00,4155015.30,2004207.74,1856396.73,628871.18
2024-09-15,92462.00,2402204.93,1198831.77,1033024.58,438467.41
2024-09-16,43889.00,925292.71,547844.01,312964.29,114274.09
2024-09-17,81407.00,1684987.50,809406.88,781607.74,141624.23
2024-09-18,45279.00,1060525.25,608792.11,380756.65,174679.86
2024-09-19,52106.00,1191116.93,690443.18,417731.28,157447.70
2024-09-20,102788.00,2623278.30,1356962.79,1069404.98,276573.00
2024-09-21,153024.00,4009005.73,1983376.14,1715020.11,634649.03
2024-09-22,97511.00,2484465.50,1251130.01,1037883.17,473663.13
2024-09-23,45089.00,928880.20,543845.36,319735.91,135899.50
2024-09-24,78555.00,1555586.42,763973.54,697286.40,160748.43
2024-09-25,47978.00,1036403.89,624808.29,338181.25,182353.22
2024-09-26,57632.00,1259199.89,747450.43,421503.89,213929.99
2024-09-27,121360.00,3034182.74,1589537.10,1209298.19,289845.02
2024-09-28,174277.00,4509574.68,2252331.83,1909880.29,603565.96
2024-09-29,127446.00,3301379.19,1657914.14,1395087.31,545348.53
2024-09-30,71481.00,1749078.63,918427.15,698968.56,210936.40
2024-10-01,73976.00,1529566.86,753997.40,660258.02,153266.33
2024-10-02,45968.00,984126.77,591554.62,302900.53,143306.18
2024-10-03,57330.00,1350997.27,764497.23,470430.71,152959.85
2024-10-04,107061.00,2869275.47,1410072.78,1230039.88,308714.80
2024-10-05,151230.00,3997887.84,1912547.80,1754698.97,572974.04
2024-10-06,95575.00,2474544.37,1170346.47,1097413.87,432335.15
2024-10-07,35608.00,777082.55,428893.29,289208.13,122595.10
2024-10-08,73501.00,1504556.00,718052.72,695907.75,155018.63
2024-10-09,47690.00,965894.03,611514.98,284167.84,193950.40
2024-10-10,54171.00,1141833.21,680002.16,375648.24,199397.81
2024-10-11,111339.00,2615863.01,1391164.15,1023909.70,276270.38
2024-10-12,136782.00,3258409.99,1714721.21,1265552.94,478928.45
2024-10-13,129806.00,2982428.17,1647208.23,1085509.23,417165.34
2024-10-14,129390.00,2966183.02,1583471.80,1154025.33,264388.66
2024-10-15,79445.00,1505231.90,737461.72,670419.39,143363.08
2024-10-16,49494.00,1042005.83,610303.65,356607.80,133335.52
2024-10-17,55614.00,1214615.16,718435.47,400992.06,163610.89
2024-10-18,111819.00,2715985.34,1450196.93,1058370.55,272784.11
2024-10-19,145472.00,3720174.62,1897157.67,1502367.58,586720.00
2024-10-20,94006.00,2339602.34,1221933.36,914792.91,434419.24
2024-10-21,48183.00,1020273.35,609968.78,329379.81,151960.48
2024-10-22,85053.00,1725401.22,855114.33,761164.42,168707.64
2024-10-23,52712.00,1161677.47,695319.73,375091.19,146732.47
2024-10-24,94431.00,2245505.24,1339192.24,782114.65,210232.49
2024-10-25,129271.00,3366838.64,1763358.17,1359280.07,295073.50
2024-10-26,164476.00,4313496.18,2225181.11,1761326.55,562508.04
2024-10-27,110491.00,2832161.29,1477738.19,1134497.00,457081.32
2024-10-28,50695.00,1066860.81,646799.86,344068.36,121665.15
2024-10-29,94791.00,1949343.43,979613.75,860696.54,156483.40
2024-10-30,55151.00,1184338.60,726545.40,377397.38,112474.34
2024-10-31,57399.00,1304238.16,771565.08,431338.90,83836.54
2024-11-01,117911.00,2722592.22,1547956.33,961763.01,290043.76
2024-11-02,179592.00,4367622.65,2365319.27,1660331.88,622816.39
2024-11-03,116203.00,2773524.87,1522591.77,1045202.93,548847.08
2024-11-04,50596.00,1003226.49,624982.15,308877.07,114994.97
2024-11-05,87195.00,1676196.19,873626.79,710113.33,180854.27
2024-11-06,50425.00,1077149.82,671030.75,330291.40,169340.64
2024-11-07,59774.00,1267871.61,767364.86,401115.24,202455.55
2024-11-08,107374.00,2551854.15,1398204.66,942931.05,347830.52
2024-11-09,156169.00,3804659.40,2029762.63,1463284.66,686175.27
2024-11-10,124023.00,3053910.75,1617864.20,1182407.34,710952.88
2024-11-11,76154.00,1715636.64,971944.24,599351.27,274715.37
2024-11-12,89348.00,1682885.96,942299.22,629462.33,182947.36
2024-11-13,59205.00,1180608.16,792682.53,292332.18,205319.02
2024-11-14,64455.00,1335228.77,866329.39,361583.91,214286.62
2024-11-15,106568.00,2469853.42,1403233.45,877746.29,394455.35
2024-11-16,159885.00,3941422.06,2102554.42,1529094.32,722971.21
2024-11-17,110925.00,2619808.18,1470100.09,931303.23,511408.69
2024-11-18,64667.00,1271641.68,869794.21,272169.52,102538.82
2024-11-19,103693.00,1972452.45,1177629.93,639521.74,162195.95
2024-11-20,79395.00,1742611.251,1123821.85,474552.901,191270.82
2024-11-21,103299.00,2480011.12,1462301.76,831699.82,200229.43
2024-11-22,193394.00,5373096.14,2695969.61,2350447.32,483193.57
2024-11-23,233291.00,6716744.81,3213839.30,3098476.32,793884.98
2024-11-24,163876.00,4744837.05,2231727.85,2231051.52,575577.65
2024-11-25,98361.00,2142522.17,1299400.78,704680.45,122048.12
2024-11-26,154556.00,3706457.92,1811124.49,1678755.14,166500.86
2024-11-27,140878.00,3371272.79,1992127.06,1137679.20,180437.65
2024-11-28,141657.00,3318832.00,2001202.85,1077002.91,309185.20
2024-11-29,226837.00,5908960.68,3143807.75,2382769.84,548119.98
2024-11-30,302532.00,8526002.06,4138416.57,3857392.73,854523.46
2024-12-01,198740.00,5774006.85,2660306.63,2754487.43,468276.02
2024-12-02,77259.00,1728908.52,993586.57,617480.18,146175.53
2024-12-03,138835.00,3106120.22,1563954.99,1378467.41,242389.30
2024-12-04,102325.00,2157094.44,1378690.62,616366.02,256037.99
2024-12-05,102268.00,2202156.42,1388257.35,652566.27,388834.45
2024-12-06,170289.00,4069814.08,2277399.48,1523562.62,500258.77
2024-12-07,235452.00,6191391.46,3160874.43,2606521.69,754144.90
2024-12-08,161026.00,4323725.50,2129380.17,1917899.76,596708.68
2024-12-09,73186.00,1550326.47,919748.52,521056.48,148392.60
2024-12-10,114305.00,2484200.22,1229731.94,1103905.85,324844.82
2024-12-11,82696.00,1798816.408,1088495.28,569243.508,278978.62
2024-12-12,84590.00,1921646.99,1124583.27,651743.46,460889.25
2024-12-13,130408.00,3152366.91,1715591.57,1207664.56,572253.38
2024-12-14,183513.00,4793414.28,2399057.22,2012262.72,935868.45
2024-12-15,132137.00,3443585.24,1713091.86,1463497.68,670997.17
2024-12-16,73191.00,1534798.54,909375.35,507133.55,253527.99
2024-12-17,116813.00,2420567.96,1210102.49,1055588.88,340983.02
2024-12-18,91609.00,1871171.70,1119105.60,606848.51,320891.42
2024-12-19,103939.00,2336595.71,1319053.37,836473.92,332401.53
2024-12-20,160148.00,4122214.60,2068681.90,1749090.00,596339.97
2024-12-21,200199.00,5190524.62,2602368.14,2166268.54,694753.31
2024-12-22,194942.00,4872318.24,2498199.61,1994178.86,553925.00
2024-12-23,159342.00,3705430.59,1960199.17,1445669.94,387706.40
2024-12-24,156504.00,3366478.28,1712753.61,1371987.77,107276.70
2024-12-25,195833.00,4838781.41,2660346.45,1859801.23,116511.83
2024-12-26,265028.00,6455256.80,3428613.27,2569030.46,442346.42
2024-12-27,265022.00,6279867.73,3319857.79,2513837.88,552556.48
2024-12-28,273717.00,6514487.21,3427678.37,2617764.73,813085.71
2024-12-29,272191.00,6400439.27,3356572.95,2602131.12,840017.04
2024-12-30,255689.00,5667170.96,3022124.99,2269389.61,629633.19
2024-12-31,197370.00,4360992.86,1955156.13,2045875.73,573789.32
2025-01-01,231502.00,5498196.17,2894771.22,2197748.43,578804.40
2025-01-02,208234.00,4735741.90,2548767.71,1834701.23,491365.34
2025-01-03,216107.00,5057172.52,2658143.12,2021828.01,645147.25
2025-01-04,222679.00,5466136.98,2749592.94,2313298.32,876402.75
2025-01-05,133258.00,3224078.08,1606189.85,1382916.79,587882.93
2025-01-06,53005.00,1076853.01,602361.04,394161.58,151474.37
2025-01-07,87114.00,1714447.11,814520.88,807327.14,133875.41
2025-01-08,49931.00,1026425.74,592574.73,361310.67,153451.60
2025-01-09,58656.00,1201465.54,697285.34,405677.68,131544.35
2025-01-10,106440.00,2465134.51,1296462.80,985852.50,354163.16
2025-01-11,174688.00,4258312.85,2084901.58,1851420.84,844341.83
2025-01-12,115867.00,2607398.59,1284200.69,1114566.80,570733.20
2025-01-13,50953.00,783394.80,458869.36,251670.13,122774.56
2025-01-14,137724.00,2278446.91,844588.50,1304753.78,160105.47
2025-01-15,47939.00,963512.08,549107.22,335928.76,177994.51
2025-01-16,52465.00,1065032.37,612996.60,365899.08,205854.64
2025-01-17,111741.00,2539187.02,1394882.05,943927.05,441842.18
2025-01-18,161147.00,3884307.17,1929728.43,1642126.89,1032673.23
2025-01-19,107379.00,2413956.70,1212116.60,1000952.06,678950.15
2025-01-20,49205.00,859799.85,455173.10,296945.00,170143.16
2025-01-21,131705.00,2259502.94,803911.70,1321247.51,199325.27
2025-01-22,40415.00,863586.47,487401.85,304310.42,205095.69
2025-01-23,46160.00,989175.36,556461.71,340227.83,222916.12
2025-01-24,93029.00,2202124.69,1123789.63,891336.99,406683.73
2025-01-25,146152.00,3617477.57,1763346.94,1560908.73,954654.62
2025-01-26,86094.00,1996420.78,990637.29,835710.81,621967.65
2025-01-27,47674.00,791799.65,466709.73,256765.76,114403.50
2025-01-28,133632.00,2145381.17,879502.69,1130760.71,174873.15
2025-01-29,59670.00,1127940.32,734390.96,306012.93,246347.89
2025-01-30,64205.00,1272635.15,789538.27,374216.40,202464.78
2025-01-31,124780.00,2959012.99,1535359.74,1169847.85,426700.75
2025-02-01,184753.00,4552666.59,2250688.28,1913309.43,826669.99
2025-02-02,113584.00,2744228.17,1344278.52,1162052.14,594178.27
2025-02-03,44813.00,737866.65,437304.80,225419.06,217182.21
2025-02-04,125483.00,2003977.58,803125.81,1070283.07,154112.84
2025-02-05,46724.00,901051.04,543198.29,283225.95,155035.20
2025-02-06,53031.00,1025604.97,638794.55,298378.07,176831.55
2025-02-07,97060.00,2102402.99,1110269.47,817741.18,365529.33
2025-02-08,147841.00,3504041.31,1674325.15,1519158.02,914211.04
2025-02-09,85834.00,1897325.44,959903.04,751096.38,606037.10
2025-02-10,53593.00,902676.99,581408.54,233443.27,111477.76
2025-02-11,161697.00,2577430.46,1384277.99,1011789.90,151575.14
2025-02-12,73904.00,1342177.09,999076.30,224929.75,124789.66
2025-02-13,100147.00,2278613.62,1369449.69,734745.42,222590.09
2025-02-14,191046.00,5176012.72,2540893.02,2299637.11,515766.92
2025-02-15,187870.00,4822064.18,2400436.54,2064132.71,885383.77
2025-02-16,150413.00,3743887.96,1951906.17,1505524.15,697836.41
2025-02-17,165721.00,4115209.11,2060576.67,1775034.51,620323.14
2025-02-18,101658.00,2125858.00,1059005.51,936790.17,174051.62
2025-02-19,68095.00,1462436.754,911115.39,434964.364,220775.90
2025-02-20,63198.00,1378364.855,832145.87,432842.085,263215.31
2025-02-21,105541.00,2489907.69,1361075.51,931024.52,357305.17
2025-02-22,159888.00,4007127.17,2001671.79,1679637.24,902119.02
2025-02-23,99748.00,2493310.96,1231764.01,1058562.52,677089.32
2025-02-24,38609.00,807503.40,470986.02,281199.42,165085.72
2025-02-25,77432.00,1534470.64,773746.63,673180.25,216549.43
2025-02-26,41606.00,902658.72,543088.78,297320.09,332130.00
2025-02-27,42608.00,940043.96,536333.68,334619.68,222156.92
2025-02-28,78545.00,1865214.63,975013.63,737398.88,401987.36
2025-03-01,125873.00,3128173.29,1537747.22,1320934.47,913651.37
2025-03-02,83804.00,2030458.54,1004422.74,844991.90,609053.36
2025-03-03,49719.00,974603.79,541773.05,353415.92,165938.15
2025-03-04,90764.00,1715352.55,829614.29,764614.72,222049.59
2025-03-05,60753.00,1263920.23,709448.35,446124.78,183936.69
2025-03-06,67993.00,1437196.69,786563.42,526171.54,238825.19
2025-03-07,97443.00,2304386.53,1176964.21,929069.73,422562.25
2025-03-08,132656.00,3266423.78,1602538.43,1373566.60,854100.97
2025-03-09,87064.00,2059959.93,1037670.74,845256.96,715972.84
2025-03-10,65429.00,1269207.20,694277.87,464315.45,328590.99
2025-03-11,117073.00,2289327.71,1084938.66,1050537.68,432517.30
2025-03-12,71478.00,1520936.94,812732.69,581511.39,430118.27
2025-03-13,71404.00,1520935.22,801775.51,590424.08,491019.84
2025-03-14,101002.00,2362071.07,1196887.01,962727.94,659179.02
2025-03-15,130775.00,3201244.39,1603832.37,1328079.38,1062937.80
2025-03-16,85835.00,2026767.76,1037640.31,814873.73,770014.10
2025-03-17,36406.00,710328.86,426617.11,230603.66,154359.73
2025-03-18,68734.00,1295185.77,651592.35,568597.07,173871.54
2025-03-19,38536.00,819117.33,478510.29,283932.06,188069.36
2025-03-20,47931.00,1057807.19,607394.67,368870.11,243621.63
2025-03-21,92780.00,2319487.49,1180383.66,970701.02,456044.15
2025-03-22,136100.00,3493410.81,1695207.71,1528496.81,922590.38
2025-03-23,86496.00,2188697.79,1073549.57,943446.47,735547.79
2025-03-24,40054.00,842085.35,483587.48,298821.93,203974.45
2025-03-25,76094.00,1508017.61,745996.85,672743.91,266504.20
2025-03-26,46718.00,999443.10,581617.24,353465.99,281031.29
2025-03-27,53757.00,1155943.34,688716.18,386050.64,265025.39
2025-03-28,95045.00,2273150.42,1199001.08,922657.79,430312.30
2025-03-29,138846.00,3425804.44,1709344.92,1457978.49,955222.64
2025-03-30,101291.00,2380379.44,1256831.29,940562.62,808773.58
2025-03-31,60498.00,1215803.96,774048.31,356338.23,306766.00
2025-04-01,88244.00,1757527.63,1029672.88,626127.18,277399.98
2025-04-02,60645.00,1242063.78,884268.39,268258.74,233697.63
2025-04-03,99777.00,2245992.51,1459404.81,627025.43,293392.73
2025-04-04,214498.00,6054541.35,3082023.27,2635456.07,413967.86
2025-04-05,291563.00,8374531.78,4035792.73,3804239.60,867722.36
2025-04-06,183336.00,5495650.98,2522529.57,2614639.66,712122.72
2025-04-07,64825.00,1492560.56,896018.95,503647.19,137769.97
2025-04-08,111456.00,2563867.09,1282686.14,1150185.51,207403.58
2025-04-09,76666.00,1686144.37,1059306.68,533775.27,208835.21
2025-04-10,92330.00,2059529.89,1303657.84,634999.85,236994.42
2025-04-11,180386.00,4521218.17,2503629.91,1748310.40,401246.42
2025-04-12,247403.00,6735531.84,3357467.58,2951414.18,775752.79
2025-04-13,144406.00,4030624.78,1932419.09,1842926.79,568542.81
2025-04-14,59748.00,1253430.88,781275.61,389744.20,162505.57
2025-04-15,108100.00,2217139.62,1159029.79,941783.33,168617.82
2025-04-16,74387.00,1511009.01,942998.32,469073.29,269382.96
2025-04-17,117540.00,2721405.64,1576682.55,956927.26,325511.15
2025-04-18,223908.00,5716920.40,2974835.81,2338124.59,487155.44
2025-04-19,185455.00,4718548.68,2427530.60,1941546.86,704278.25
2025-04-20,144873.00,3424732.79,1856446.28,1329190.29,528245.00
2025-04-21,147088.00,3162131.77,1699425.72,1249727.69,323941.10
2025-04-22,167722.00,2877503.79,1162378.83,1535097.28,221916.29
2025-04-23,71472.00,1526338.39,898139.10,520876.41,195641.90
2025-04-24,78261.00,1751076.92,1002315.27,616374.56,262413.83
2025-04-25,131521.00,3320799.84,1705896.86,1390451.91,360669.89
2025-04-26,195028.00,5071576.72,2488302.06,2231141.08,752164.43
2025-04-27,132686.00,3280049.41,1605536.08,1442263.51,599828.17
2025-04-28,81288.00,1464799.97,900323.86,457707.80,157290.41
2025-04-29,173502.00,3174144.02,1274677.50,1727685.57,219650.54
2025-04-30,72659.00,1695870.65,1015931.81,567108.39,265869.90
