week,transactions,revenue
2023-03-31,156768.00,2622299.0100
2023-04-07,144733.00,2588746.5300
2023-04-14,142862.00,2330128.9500
2023-04-21,146832.00,2528917.2100
2023-04-28,136590.00,2281790.4000
2023-05-05,128352.00,2106395.8000
2023-05-12,118448.00,1834336.1300
2023-05-19,124404.00,2158459.4500
2023-05-26,115214.00,1803261.3300
2023-06-02,123054.00,1999339.5100
2023-06-09,139851.00,2144094.9130
2023-06-16,164106.00,2573188.4000
2023-06-23,143237.00,2365244.0100
2023-06-30,127895.00,2517277.5400
2023-07-07,129370.00,2433137.3200
2023-07-14,145283.00,2771255.4700
2023-07-21,138057.00,2611580.5000
2023-07-28,149611.00,2711641.2100
2023-08-04,138396.00,2736030.2000
2023-08-11,149829.00,2805160.0900
2023-08-18,154376.00,2926455.2000
2023-08-25,150860.00,2791410.3800
2023-09-01,121310.00,2316224.4300
2023-09-08,115009.00,1974305.0100
2023-09-15,130795.00,2126813.2200
2023-09-22,127682.00,2167201.7700
2023-09-29,132994.00,2346049.4000
2023-10-06,108662.00,2031120.4100
2023-10-13,127501.00,2208744.3600
2023-10-20,129765.00,2378952.1500
2023-10-27,119231.00,1913586.8100
2023-11-03,145138.00,2224710.9700
2023-11-10,140223.00,2587987.3100
2023-11-17,140161.00,2519392.1200
2023-11-24,147792.00,2628665.7500
2023-12-01,160426.00,2906434.6900
2023-12-08,179802.00,3226946.7600
2023-12-15,175092.00,3120805.9600
2023-12-22,133819.00,2618160.1700
2023-12-29,189628.00,3612811.9100
2024-01-05,123906.00,2354872.9000
2024-01-12,124940.00,2216815.4100
2024-01-19,140178.00,2520539.2200
2024-01-26,139028.00,2485727.8300
2024-02-02,127480.00,2279629.6200
2024-02-09,128964.00,2246621.7200
2024-02-16,169944.00,3256743.9700
2024-02-23,136384.00,2421910.1400
2024-03-01,131248.00,2397024.9600
2024-03-08,157811.00,3098668.7200
2024-03-15,149657.00,2827847.9500
2024-03-22,164029.00,3070427.7400
2024-03-29,140492.00,2764673.5500
2024-04-05,135192.00,2473726.6500
2024-04-12,131049.00,2349285.8100
2024-04-19,126250.00,2346920.5200
2024-04-26,134328.00,2482748.6700
2024-05-03,111365.00,2030986.3800
2024-05-10,109954.00,1904034.2800
2024-05-17,125848.00,2385321.0100
2024-05-24,107750.00,1962390.9200
2024-05-31,115067.00,1989532.6000
2024-06-07,119007.00,2170645.4300
2024-06-14,133713.00,2361482.6600
2024-06-21,167253.00,2711583.0700
2024-06-28,130521.00,2501658.0500
2024-07-05,105630.00,2264830.5000
2024-07-12,115959.00,2253944.5000
2024-07-19,136503.00,2554962.5600
2024-07-26,133521.00,2506002.4100
2024-08-02,129159.00,2623775.0900
2024-08-09,147143.00,2794906.6500
2024-08-16,150337.00,2927367.4500
2024-08-23,142510.00,2761339.3700
2024-08-30,104412.00,2118752.3300
2024-09-06,107550.00,1823071.8700
2024-09-13,118886.00,1923813.6300
2024-09-20,112805.00,2076916.3000
2024-09-27,114611.00,2099228.2700
2024-10-04,108091.00,1984985.9300
2024-10-11,96456.00,1877062.3200
2024-10-18,108701.00,1971556.4300
2024-10-25,103415.00,1789122.2900
2024-11-01,114898.00,2127963.6600
2024-11-08,138904.00,2622227.0400
2024-11-15,131299.00,2285070.2700
2024-11-22,145643.00,2630828.0300
2024-11-29,151981.00,2904322.3300
2024-12-06,167866.00,3064021.1400
2024-12-13,180340.00,3426922.9600
2024-12-20,147903.00,2898851.6300
2024-12-27,228247.00,4479245.4800
2025-01-03,129670.00,2679764.6600
2025-01-10,128963.00,2435955.3700
2025-01-17,153504.00,2950883.8000
2025-01-24,144370.00,2721418.8200
2025-01-31,139599.00,2512606.1600
2025-02-07,132392.00,2496184.1200
2025-02-14,171223.00,3377321.0700
2025-02-21,153834.00,2872419.5800
2025-02-28,141560.00,2735409.7100
2025-03-07,174704.00,3674858.4600
2025-03-14,162221.00,3252027.1800
2025-03-21,147199.00,2926717.2000
2025-03-28,147692.00,3012127.0900
