week,mass_exh,mass_film,mass_store
1/1/2023,0,0,0
1/8/2023,0,0,0
1/15/2023,1,0,0
1/22/2023,1,0,0
1/29/2023,1,1,0
2/5/2023,1,1,1
2/12/2023,1,1,1
2/19/2023,1,1,1
2/26/2023,1,1,1
3/5/2023,0,0,1
3/12/2023,0,1,1
3/19/2023,0,1,1
3/26/2023,0,0,1
4/2/2023,0,1,1
4/9/2023,0,1,1
4/16/2023,0,1,1
4/23/2023,1,0,1
4/30/2023,1,0,1
5/7/2023,0,0,1
5/14/2023,0,1,1
5/21/2023,0,1,1
5/28/2023,0,0,1
6/4/2023,0,0,1
6/11/2023,0,1,0
6/18/2023,0,1,0
6/25/2023,0,0,0
7/2/2023,0,0,0
7/9/2023,0,0,0
7/16/2023,0,1,0
7/23/2023,0,1,0
7/30/2023,0,0,0
8/6/2023,0,0,0
8/13/2023,0,0,0
8/20/2023,0,0,0
8/27/2023,1,0,0
9/3/2023,1,0,0
9/10/2023,1,0,0
9/17/2023,0,0,0
9/24/2023,0,0,0
10/1/2023,0,0,0
10/8/2023,0,0,0
10/15/2023,1,0,0
10/22/2023,1,0,0
10/29/2023,1,0,0
11/5/2023,0,0,0
11/12/2023,0,0,0
11/19/2023,0,0,0
11/26/2023,0,0,0
12/3/2023,1,0,0
12/10/2023,1,0,0
12/17/2023,0,0,0
12/24/2023,0,0,0
12/31/2023,0,0,0
1/7/2024,0,0,0
1/14/2024,0,0,0
1/21/2024,0,0,0
1/28/2024,1,0,0
2/4/2024,1,0,0
2/11/2024,1,0,0
2/18/2024,1,0,0
2/25/2024,1,0,0
3/3/2024,0,0,0
3/10/2024,0,0,0
3/17/2024,0,0,0
3/24/2024,0,0,0
3/31/2024,0,0,0
4/7/2024,0,0,0
4/14/2024,0,0,0
4/21/2024,0,0,0
4/28/2024,0,0,0
5/5/2024,0,0,0
5/12/2024,0,0,0
5/19/2024,0,0,0
5/26/2024,0,0,0
6/2/2024,0,0,0
6/9/2024,0,0,0
6/16/2024,0,0,0
6/23/2024,0,0,0
6/30/2024,0,0,0
7/7/2024,1,0,0
7/14/2024,1,0,0
7/21/2024,0,0,0
7/28/2024,0,0,0
8/4/2024,0,0,0
8/11/2024,0,0,0
8/18/2024,0,0,0
8/25/2024,0,0,0
9/1/2024,1,0,0
9/8/2024,1,0,0
9/15/2024,0,0,0
9/22/2024,0,0,0
9/29/2024,0,0,0
10/6/2024,0,0,0
10/13/2024,0,0,0
10/20/2024,0,0,0
10/27/2024,0,0,0
11/3/2024,1,0,0
11/10/2024,1,0,0
11/17/2024,0,0,0
11/24/2024,0,0,0
12/1/2024,0,0,0
12/8/2024,0,0,0
12/15/2024,0,0,0
12/22/2024,0,0,0
12/29/2024,0,0,0
1/5/2025,0,0,0
1/12/2025,1,0,0
1/19/2025,1,0,0
1/26/2025,1,0,0
2/2/2025,1,0,0
2/9/2025,1,0,0
2/16/2025,0,0,0
2/23/2025,0,0,0
3/2/2025,0,0,0
3/9/2025,0,0,0
3/16/2025,0,0,0
3/23/2025,0,0,0
3/30/2025,0,0,0
4/6/2025,0,0,0
4/13/2025,1,0,0
4/20/2025,1,0,0
4/27/2025,1,0,0
